match_id,date,minute,title,comment,out_player,in_player,home_team,away_team
e314090d,2025-04-04,,Full Time,"Second half ends, Chicago Fire FC 1, Nashville SC 0.",,,Chicago,Nashville
e314090d,2025-04-04,,End Of Second Half,End of match.,,,Chicago,Nashville
e314090d,2025-04-04,90'+8,,"Offside, Nashville SC. Sam Surridge is caught offside.",,,Chicago,Nashville
e314090d,2025-04-04,90'+8,Attempt Saved,Attempt blocked. Woobens Pacius's (Nashville SC) with header from the center of the box with an xG of 9% is blocked by Andrew Gutman.,,,Chicago,Nashville
e314090d,2025-04-04,90'+7,,"Hany Mukhtar (Nashville SC) wins a free kick, after being fouled by Dje D’Avilla (Chicago Fire FC).",,,Chicago,Nashville
e314090d,2025-04-04,90'+5,Attempt Missed,Attempt missed. Jeisson Palacios's (Nashville SC) with right footed shot from the center of the box with an xG of 37% misses to the left.,,,Chicago,Nashville
e314090d,2025-04-04,90'+4,,"Jeisson Palacios (Nashville SC) wins a free kick, after being fouled by Jonathan Bamba (Chicago Fire FC).",,,Chicago,Nashville
e314090d,2025-04-04,90'+4,Attempt Saved,Attempt saved. Warren Madrigal's (Nashville SC) with header from the center of the box with an xG of 2% is saved by Chris Brady.,,,Chicago,Nashville
e314090d,2025-04-04,90'+3,,"Ahmed Qasem (Nashville SC) wins a free kick, after being fouled by Robin Lod (Chicago Fire FC).",,,Chicago,Nashville
e314090d,2025-04-04,90'+1,,,P. Zinckernagel,V. Radojević,Chicago,Nashville
e314090d,2025-04-04,90',,"Jonathan Bamba (Chicago Fire FC) wins a free kick, after being fouled by Andy Nájar (Nashville SC).",,,Chicago,Nashville
e314090d,2025-04-04,90',Attempt Saved,Attempt saved. Jeisson Palacios's (Nashville SC) with header from the center of the box with an xG of 25% is saved by Chris Brady.,,,Chicago,Nashville
e314090d,2025-04-04,89',,,E. Tagseth,W. Pacius,Chicago,Nashville
e314090d,2025-04-04,87',,"Leonardo Barroso (Chicago Fire FC) wins a free kick, after being fouled by Ahmed Qasem (Nashville SC).",,,Chicago,Nashville
e314090d,2025-04-04,86',,"Jeisson Palacios (Nashville SC) wins a free kick, after being fouled by Robin Lod (Chicago Fire FC).",,,Chicago,Nashville
e314090d,2025-04-04,84',,"Jonathan Bamba (Chicago Fire FC) wins a free kick, after being fouled by Patrick Yazbek (Nashville SC).",,,Chicago,Nashville
e314090d,2025-04-04,84',,"Edvard Tagseth (Nashville SC) wins a free kick, after being fouled by Jason Shokalook (Chicago Fire FC).",,,Chicago,Nashville
e314090d,2025-04-04,81',,,M. Haile-Selassie,J. Shokalook,Chicago,Nashville
e314090d,2025-04-04,80',Yellow Card,Edvard Tagseth (Nashville SC) is shown the yellow card,,,Chicago,Nashville
e314090d,2025-04-04,80',,"Philip Zinckernagel (Chicago Fire FC) wins a free kick, after being fouled by Edvard Tagseth (Nashville SC).",,,Chicago,Nashville
e314090d,2025-04-04,80',Attempt Saved,Attempt blocked. Sam Surridge's (Nashville SC) with right footed shot from the center of the box with an xG of 8% is blocked by Mbekezeli Mbokazi.,,,Chicago,Nashville
e314090d,2025-04-04,79',,"Maxwell Woledzi (Nashville SC) wins a free kick, after being fouled by Philip Zinckernagel (Chicago Fire FC).",,,Chicago,Nashville
e314090d,2025-04-04,79',Attempt Saved,Attempt blocked. Warren Madrigal's (Nashville SC) with left footed shot from the center of the box with an xG of 8% is blocked by Sam Surridge.,,,Chicago,Nashville
e314090d,2025-04-04,78',,,D. Lovitz,R. Baker-Whiting,Chicago,Nashville
e314090d,2025-04-04,78',,,C. Espinoza,A. Qasem,Chicago,Nashville
e314090d,2025-04-04,78',Yellow Card,Dje D’Avilla (Chicago Fire FC) is shown the yellow card,,,Chicago,Nashville
e314090d,2025-04-04,78',,"Hany Mukhtar (Nashville SC) wins a free kick, after being fouled by Dje D’Avilla (Chicago Fire FC).",,,Chicago,Nashville
e314090d,2025-04-04,78',Attempt Saved,Attempt blocked. Anton Salétros's (Chicago Fire FC) with left footed shot from the central position outside the box with an xG of 2% is blocked by Jeisson Palacios.,,,Chicago,Nashville
e314090d,2025-04-04,77',Attempt Saved,Attempt blocked. Jonathan Bamba's (Chicago Fire FC) with left footed shot from the central position outside the box with an xG of 4% is blocked by Andy Nájar.,,,Chicago,Nashville
e314090d,2025-04-04,76',,"Dje D’Avilla (Chicago Fire FC) wins a free kick, after being fouled by Warren Madrigal (Nashville SC).",,,Chicago,Nashville
e314090d,2025-04-04,74',,"Corner from the right, (Nashville SC). Executed by Cristian Espinoza.",,,Chicago,Nashville
e314090d,2025-04-04,72',Yellow Card,Anton Salétros (Chicago Fire FC) is shown the yellow card,,,Chicago,Nashville
e314090d,2025-04-04,72',,"Hany Mukhtar (Nashville SC) wins a free kick, after being fouled by Anton Salétros (Chicago Fire FC).",,,Chicago,Nashville
e314090d,2025-04-04,67',,"Edvard Tagseth (Nashville SC) wins a free kick, after being fouled by Dje D’Avilla (Chicago Fire FC).",,,Chicago,Nashville
e314090d,2025-04-04,65',Attempt Saved,Attempt saved. Sam Surridge's (Nashville SC) with right footed shot from the central position outside the box with an xG of 10% is saved by Chris Brady.,,,Chicago,Nashville
e314090d,2025-04-04,62',,,J. Elliott,C. Cupps,Chicago,Nashville
e314090d,2025-04-04,61',,,M. Corcoran,P. Yazbek,Chicago,Nashville
e314090d,2025-04-04,61',,,A. Muyl,W. Madrigal,Chicago,Nashville
e314090d,2025-04-04,58',,"Corner from the right, (Nashville SC). Executed by Cristian Espinoza.",,,Chicago,Nashville
e314090d,2025-04-04,56',,"Offside, Chicago Fire FC. Robin Lod is caught offside.",,,Chicago,Nashville
e314090d,2025-04-04,55',,"Offside, Chicago Fire FC. Robin Lod is caught offside.",,,Chicago,Nashville
e314090d,2025-04-04,52',,Foul by Alex Muyl (Nashville SC).,,,Chicago,Nashville
e314090d,2025-04-04,51',,"Jonathan Bamba (Chicago Fire FC) wins a free kick, after being fouled by Matthew Corcoran (Nashville SC).",,,Chicago,Nashville
e314090d,2025-04-04,50',Attempt Missed,Attempt missed. Jonathan Bamba's (Chicago Fire FC) with right footed shot from the central position outside the box with an xG of 3% misses to the left.,,,Chicago,Nashville
e314090d,2025-04-04,50',Attempt Saved,Attempt saved. Jonathan Bamba's (Chicago Fire FC) with left footed shot from the center of the box with an xG of 31% is saved by Brian Schwake.,,,Chicago,Nashville
e314090d,2025-04-04,,,"Robin Lod (Chicago Fire FC) wins a free kick, after being fouled by Edvard Tagseth (Nashville SC).",,,Chicago,Nashville
e314090d,2025-04-04,47',,"Matthew Corcoran (Nashville SC) wins a free kick, after being fouled by Anton Salétros (Chicago Fire FC).",,,Chicago,Nashville
e314090d,2025-04-04,,Kick Off,"Second Half begins: Chicago Fire FC 1, Nashville SC 0.",,,Chicago,Nashville
e314090d,2025-04-04,,Half Time,"First half ends, Chicago Fire FC 1, Nashville SC 0.",,,Chicago,Nashville
e314090d,2025-04-04,45'+2,,"Offside, Nashville SC. Cristian Espinoza is caught offside.",,,Chicago,Nashville
e314090d,2025-04-04,45',,"Hany Mukhtar (Nashville SC) wins a free kick, after being fouled by Andrew Gutman (Chicago Fire FC).",,,Chicago,Nashville
e314090d,2025-04-04,45',,"Offside, Chicago Fire FC. Maren Haile-Selassie is caught offside.",,,Chicago,Nashville
e314090d,2025-04-04,44',Attempt Saved,Attempt blocked. Robin Lod's (Chicago Fire FC) with left footed shot from the left side of the box with an xG of 13% is blocked by Maxwell Woledzi.,,,Chicago,Nashville
e314090d,2025-04-04,43',,"Corner from the left, (Chicago Fire FC). Executed by Philip Zinckernagel.",,,Chicago,Nashville
e314090d,2025-04-04,43',Attempt Saved,Attempt blocked. Philip Zinckernagel's (Chicago Fire FC) with right footed shot from the central position outside the box with an xG of 5% is blocked by Daniel Lovitz.,,,Chicago,Nashville
e314090d,2025-04-04,42',Attempt Saved,Attempt saved. Philip Zinckernagel's (Chicago Fire FC) with right footed shot from the central position outside the box with an xG of 2% is saved by Brian Schwake.,,,Chicago,Nashville
e314090d,2025-04-04,39',,Foul by Leonardo Barroso (Chicago Fire FC).,,,Chicago,Nashville
e314090d,2025-04-04,38',,"Offside, Nashville SC. Alex Muyl is caught offside.",,,Chicago,Nashville
e314090d,2025-04-04,37',,"Andy Nájar (Nashville SC) wins a free kick, after being fouled by Jack Elliott (Chicago Fire FC).",,,Chicago,Nashville
e314090d,2025-04-04,36',,"Robin Lod (Chicago Fire FC) wins a free kick, after being fouled by Daniel Lovitz (Nashville SC).",,,Chicago,Nashville
e314090d,2025-04-04,34',Attempt Missed,Attempt missed. Matthew Corcoran's (Nashville SC) with right footed shot from the central position outside the box with an xG of 3% misses to the right.,,,Chicago,Nashville
e314090d,2025-04-04,31',,"Edvard Tagseth (Nashville SC) wins a free kick, after being fouled by Robin Lod (Chicago Fire FC).",,,Chicago,Nashville
e314090d,2025-04-04,27',,"Philip Zinckernagel (Chicago Fire FC) wins a free kick, after being fouled by Daniel Lovitz (Nashville SC).",,,Chicago,Nashville
e314090d,2025-04-04,26',,"Daniel Lovitz (Nashville SC) wins a free kick, after being fouled by Jonathan Bamba (Chicago Fire FC).",,,Chicago,Nashville
e314090d,2025-04-04,26',Attempt Saved,Attempt blocked. Philip Zinckernagel's (Chicago Fire FC) with left footed shot from the center of the box with an xG of 6% is blocked by Maxwell Woledzi.,,,Chicago,Nashville
e314090d,2025-04-04,25',,"Jonathan Bamba (Chicago Fire FC) wins a free kick, after being fouled by Matthew Corcoran (Nashville SC).",,,Chicago,Nashville
e314090d,2025-04-04,22',,"Andy Nájar (Nashville SC) wins a free kick, after being fouled by Jonathan Bamba (Chicago Fire FC).",,,Chicago,Nashville
e314090d,2025-04-04,21',,"Cristian Espinoza (Nashville SC) wins a free kick, after being fouled by Andrew Gutman (Chicago Fire FC).",,,Chicago,Nashville
e314090d,2025-04-04,18',Attempt Missed,Attempt missed. Sam Surridge's (Nashville SC) with right footed shot from the center of the box with an xG of 17% misses to the right.,,,Chicago,Nashville
e314090d,2025-04-04,17',,"Jeisson Palacios (Nashville SC) wins a free kick, after being fouled by Andrew Gutman (Chicago Fire FC).",,,Chicago,Nashville
e314090d,2025-04-04,15',,"Jonathan Bamba (Chicago Fire FC) wins a free kick, after being fouled by Alex Muyl (Nashville SC).",,,Chicago,Nashville
e314090d,2025-04-04,10',,"Sam Surridge (Nashville SC) wins a free kick, after being fouled by Jack Elliott (Chicago Fire FC).",,,Chicago,Nashville
e314090d,2025-04-04,9',,"Corner from the left, (Nashville SC). Executed by Hany Mukhtar.",,,Chicago,Nashville
e314090d,2025-04-04,7',,"Philip Zinckernagel (Chicago Fire FC) wins a free kick, after being fouled by Daniel Lovitz (Nashville SC).",,,Chicago,Nashville
e314090d,2025-04-04,1',Goal,"Goal! 1:0. Philip Zinckernagel (Chicago Fire FC) scored with right footed shot from the center of the box with an xG of 80% to the bottom right corner. Assisted by Jonathan Bamba, second assist by Anton Salétros.",,,Chicago,Nashville
e314090d,2025-04-04,,Kick Off,First half begins.,,,Chicago,Nashville
e314090d,2025-04-04,,,Lineups are announced and players are warming up.,,,Chicago,Nashville
a87ad02f,2025-03-22,,Full Time,"Second half ends, San Diego FC 2, Real Salt Lake 2.",,,San Diego,Salt Lake
a87ad02f,2025-03-22,,End Of Second Half,End of match.,,,San Diego,Salt Lake
a87ad02f,2025-03-22,90'+8,,"Corner from the right, (Real Salt Lake). Executed by Zavier Gozo.",,,San Diego,Salt Lake
a87ad02f,2025-03-22,90'+7,Attempt Saved,Attempt saved. Victor Olatunji's (Real Salt Lake) with header from the center of the box with an xG of 14% is saved by Duran Ferree.,,,San Diego,Salt Lake
a87ad02f,2025-03-22,90'+5,Attempt Missed,Manu Duah (San Diego FC) with header from the center of the box with an xG of 14%.,,,San Diego,Salt Lake
a87ad02f,2025-03-22,90'+5,,"Corner from the left, (San Diego FC). Executed by Anders Dreyer.",,,San Diego,Salt Lake
a87ad02f,2025-03-22,90'+4,,"Aníbal Godoy (San Diego FC) wins a free kick, after being fouled by Stijn Spierings (Real Salt Lake).",,,San Diego,Salt Lake
a87ad02f,2025-03-22,90'+3,,"Lukas Engel (Real Salt Lake) wins a free kick, after being fouled by Marcus Ingvartsen (San Diego FC).",,,San Diego,Salt Lake
a87ad02f,2025-03-22,90'+2,Attempt Missed,Attempt missed. Victor Olatunji's (Real Salt Lake) with header from the center of the box with an xG of 8% goes over to the right.,,,San Diego,Salt Lake
a87ad02f,2025-03-22,90'+2,,"Corner from the right, (Real Salt Lake). Executed by Diego Luna.",,,San Diego,Salt Lake
a87ad02f,2025-03-22,90'+1,,,O. Valakari,O. Søe,San Diego,Salt Lake
a87ad02f,2025-03-22,89',Second Yellow,Christopher McVey (San Diego FC) is shown the second yellow (red) card,,,San Diego,Salt Lake
a87ad02f,2025-03-22,89',,"Noel Caliskan (Real Salt Lake) wins a free kick, after being fouled by Christopher McVey (San Diego FC).",,,San Diego,Salt Lake
a87ad02f,2025-03-22,87',Yellow Card,Aníbal Godoy (San Diego FC) is shown the yellow card,,,San Diego,Salt Lake
a87ad02f,2025-03-22,87',,"Stijn Spierings (Real Salt Lake) wins a free kick, after being fouled by Aníbal Godoy (San Diego FC).",,,San Diego,Salt Lake
a87ad02f,2025-03-22,85',Goal,"Goal! 2:2. Victor Olatunji (Real Salt Lake) scored with left footed shot from the center of the box with an xG of 81% to the middle left zone. Assisted by Morgan Guilavogui, second assist by Noel Caliskan.",,,San Diego,Salt Lake
a87ad02f,2025-03-22,85',,"Corner from the left, (Real Salt Lake). Executed by Diego Luna.",,,San Diego,Salt Lake
a87ad02f,2025-03-22,85',Yellow Card,Christopher McVey (San Diego FC) is shown the yellow card,,,San Diego,Salt Lake
a87ad02f,2025-03-22,84',Attempt Saved,Attempt saved. Juan Manuel Sanabria's (Real Salt Lake) with left footed shot from the left side of the box with an xG of 4% is saved by Duran Ferree.,,,San Diego,Salt Lake
a87ad02f,2025-03-22,82',Attempt Saved,Attempt saved. Marcus Ingvartsen's (San Diego FC) with left footed shot from the center of the box with an xG of 19% is saved by Rafael Cabral.,,,San Diego,Salt Lake
a87ad02f,2025-03-22,82',Attempt Saved,Attempt blocked. Victor Olatunji's (Real Salt Lake) with left footed shot from the center of the box with an xG of 40% is blocked by Manu Duah.,,,San Diego,Salt Lake
a87ad02f,2025-03-22,82',Attempt Missed,Morgan Guilavogui (Real Salt Lake) with header from the center of the box with an xG of 4%.,,,San Diego,Salt Lake
a87ad02f,2025-03-22,81',,"Corner from the right, (Real Salt Lake). Executed by Diego Luna.",,,San Diego,Salt Lake
a87ad02f,2025-03-22,80',,"Morgan Guilavogui (Real Salt Lake) wins a free kick, after being fouled by Aníbal Godoy (San Diego FC).",,,San Diego,Salt Lake
a87ad02f,2025-03-22,78',,"Zavier Gozo (Real Salt Lake) wins a free kick, after being fouled by Luca Bombino (San Diego FC).",,,San Diego,Salt Lake
a87ad02f,2025-03-22,77',,"Philip Quinton (Real Salt Lake) wins a free kick, after being fouled by Manu Duah (San Diego FC).",,,San Diego,Salt Lake
a87ad02f,2025-03-22,77',,"Corner from the right, (San Diego FC). Executed by Anders Dreyer.",,,San Diego,Salt Lake
a87ad02f,2025-03-22,74',,,A. Pellegrino,L. Morgan,San Diego,Salt Lake
a87ad02f,2025-03-22,73',,"Luca Bombino (San Diego FC) wins a free kick, after being fouled by Morgan Guilavogui (Real Salt Lake).",,,San Diego,Salt Lake
a87ad02f,2025-03-22,71',Attempt Missed,Attempt missed. Anders Dreyer's (San Diego FC) with left footed shot from the center of the box with an xG of 23% misses to the left.,,,San Diego,Salt Lake
a87ad02f,2025-03-22,69',,"Marcus Ingvartsen (San Diego FC) wins a free kick, after being fouled by Stijn Spierings (Real Salt Lake).",,,San Diego,Salt Lake
a87ad02f,2025-03-22,68',Attempt Saved,Attempt saved. Victor Olatunji's (Real Salt Lake) with right footed shot from the left side of the box with an xG of 7% is saved by Duran Ferree.,,,San Diego,Salt Lake
a87ad02f,2025-03-22,67',,,S. Solans,V. Olatunji,San Diego,Salt Lake
a87ad02f,2025-03-22,67',,,G. Dillon,S. Spierings,San Diego,Salt Lake
a87ad02f,2025-03-22,66',,"Aníbal Godoy (San Diego FC) wins a free kick, after being fouled by Juan Manuel Sanabria (Real Salt Lake).",,,San Diego,Salt Lake
a87ad02f,2025-03-22,65',,"Corner from the right, (San Diego FC). Executed by Anders Dreyer.",,,San Diego,Salt Lake
a87ad02f,2025-03-22,64',,"Offside, San Diego FC. Amahl Pellegrino is caught offside.",,,San Diego,Salt Lake
a87ad02f,2025-03-22,64',Attempt Saved,Attempt blocked. Marcus Ingvartsen's (San Diego FC) with right footed shot from the center of the box with an xG of 9% is blocked by Philip Quinton.,,,San Diego,Salt Lake
a87ad02f,2025-03-22,63',,,O. Verhoeven,W. Eisner,San Diego,Salt Lake
a87ad02f,2025-03-22,63',,,D. Vazquez,A. Godoy,San Diego,Salt Lake
a87ad02f,2025-03-22,59',,"Griffin Dillon (Real Salt Lake) wins a free kick, after being fouled by Marcus Ingvartsen (San Diego FC).",,,San Diego,Salt Lake
a87ad02f,2025-03-22,59',,"Noel Caliskan (Real Salt Lake) wins a free kick, after being fouled by David Vazquez (San Diego FC).",,,San Diego,Salt Lake
a87ad02f,2025-03-22,56',Goal,"Goal! 2:1. Anders Dreyer (San Diego FC) scored with left footed shot from the left side of the box with an xG of 22% to the lower right central zone. Assisted by Amahl Pellegrino, second assist by Jeppe Tverskov.",,,San Diego,Salt Lake
a87ad02f,2025-03-22,56',,"Onni Valakari (San Diego FC) wins a free kick, after being fouled by Sergi Solans (Real Salt Lake).",,,San Diego,Salt Lake
a87ad02f,2025-03-22,55',Attempt Saved,Attempt blocked. Juan Manuel Sanabria's (Real Salt Lake) with left footed shot from the central position outside the box with an xG of 3% is blocked by Oscar Verhoeven.,,,San Diego,Salt Lake
a87ad02f,2025-03-22,55',Attempt Saved,Attempt saved. Morgan Guilavogui's (Real Salt Lake) with right footed shot from the center of the box with an xG of 31% is saved by Duran Ferree.,,,San Diego,Salt Lake
a87ad02f,2025-03-22,53',Attempt Saved,Attempt saved. Anders Dreyer's (San Diego FC) with left footed shot from the right half-space outside the box with an xG of 4% is saved by Rafael Cabral.,,,San Diego,Salt Lake
a87ad02f,2025-03-22,53',,"Onni Valakari (San Diego FC) wins a free kick, after being fouled by Diego Luna (Real Salt Lake).",,,San Diego,Salt Lake
a87ad02f,2025-03-22,51',Attempt Missed,Attempt missed. Zavier Gozo's (Real Salt Lake) with left footed shot from the center of the box with an xG of 21% goes over.,,,San Diego,Salt Lake
a87ad02f,2025-03-22,50',Attempt Missed,Attempt missed. Zavier Gozo's (Real Salt Lake) with right footed shot from the right side of the box with an xG of 3% misses to the right.,,,San Diego,Salt Lake
a87ad02f,2025-03-22,49',Yellow Card,Griffin Dillon (Real Salt Lake) is shown the yellow card,,,San Diego,Salt Lake
a87ad02f,2025-03-22,49',,"Onni Valakari (San Diego FC) wins a free kick, after being fouled by Griffin Dillon (Real Salt Lake).",,,San Diego,Salt Lake
a87ad02f,2025-03-22,48',,"Manu Duah (San Diego FC) wins a free kick, after being fouled by Morgan Guilavogui (Real Salt Lake).",,,San Diego,Salt Lake
a87ad02f,2025-03-22,46',,"Philip Quinton (Real Salt Lake) wins a free kick, after being fouled by Amahl Pellegrino (San Diego FC).",,,San Diego,Salt Lake
a87ad02f,2025-03-22,,Kick Off,"Second Half begins: San Diego FC 1, Real Salt Lake 1.",,,San Diego,Salt Lake
a87ad02f,2025-03-22,HT,,,A. Hezarkhani,D. Luna,San Diego,Salt Lake
a87ad02f,2025-03-22,,Half Time,"First half ends, San Diego FC 1, Real Salt Lake 1.",,,San Diego,Salt Lake
a87ad02f,2025-03-22,45'+7,Attempt Saved,Attempt blocked. Sergi Solans's (Real Salt Lake) with right footed shot from the center of the box with an xG of 14% is blocked by Manu Duah.,,,San Diego,Salt Lake
a87ad02f,2025-03-22,45'+7,Attempt Saved,Attempt blocked. Lukas Engel's (Real Salt Lake) with left footed shot from the center of the box with an xG of 10% is blocked by Jeppe Tverskov.,,,San Diego,Salt Lake
a87ad02f,2025-03-22,45'+7,Attempt Saved,Attempt blocked. Morgan Guilavogui's (Real Salt Lake) with right footed shot from the left side of the box with an xG of 1% is blocked by David Vazquez.,,,San Diego,Salt Lake
a87ad02f,2025-03-22,45'+7,,"Corner from the right, (Real Salt Lake). Executed by Aiden Hezarkhani.",,,San Diego,Salt Lake
a87ad02f,2025-03-22,45'+6,Attempt Saved,Attempt blocked. Morgan Guilavogui's (Real Salt Lake) with right footed shot from the center of the box with an xG of 9% is blocked by Oscar Verhoeven.,,,San Diego,Salt Lake
a87ad02f,2025-03-22,45'+6,,"Corner from the left, (San Diego FC). Executed by Anders Dreyer.",,,San Diego,Salt Lake
a87ad02f,2025-03-22,45'+5,Attempt Saved,Attempt blocked. Anders Dreyer's (San Diego FC) with left footed shot from the central position outside the box with an xG of 6% is blocked by Lukas Engel.,,,San Diego,Salt Lake
a87ad02f,2025-03-22,45'+4,,"Justen Glad (Real Salt Lake) wins a free kick, after being fouled by Marcus Ingvartsen (San Diego FC).",,,San Diego,Salt Lake
a87ad02f,2025-03-22,45'+4,Attempt Missed,Attempt missed. Lukas Engel's (Real Salt Lake) with left footed shot from the central position outside the box with an xG of 2% goes over to the left.,,,San Diego,Salt Lake
a87ad02f,2025-03-22,45'+4,,"Luca Bombino (San Diego FC) wins a free kick, after being fouled by Zavier Gozo (Real Salt Lake).",,,San Diego,Salt Lake
a87ad02f,2025-03-22,45'+3,,"Corner from the right, (San Diego FC). Executed by Anders Dreyer.",,,San Diego,Salt Lake
a87ad02f,2025-03-22,45'+2,Attempt Saved,Attempt blocked. Anders Dreyer's (San Diego FC) with left footed shot from the right half-space outside the box with an xG of 2% is blocked by Lukas Engel.,,,San Diego,Salt Lake
a87ad02f,2025-03-22,45'+2,Attempt Missed,Attempt missed. Sergi Solans's (Real Salt Lake) with header from the center of the box with an xG of 44% goes over.,,,San Diego,Salt Lake
a87ad02f,2025-03-22,45'+1,,"Corner from the left, (Real Salt Lake). Executed by Griffin Dillon.",,,San Diego,Salt Lake
a87ad02f,2025-03-22,45'+1,Attempt Saved,Attempt blocked. Zavier Gozo's (Real Salt Lake) with left footed shot from the center of the box with an xG of 9% is blocked by Christopher McVey.,,,San Diego,Salt Lake
a87ad02f,2025-03-22,45'+1,Attempt Missed,Zavier Gozo (Real Salt Lake) with left footed shot from the central position outside the box with an xG of 11%.,,,San Diego,Salt Lake
a87ad02f,2025-03-22,43',,"Corner from the right, (Real Salt Lake). Executed by Juan Manuel Sanabria.",,,San Diego,Salt Lake
a87ad02f,2025-03-22,42',Attempt Saved,Attempt blocked. Luca Bombino's (San Diego FC) with left footed shot from the central position outside the box with an xG of 3% is blocked by Justen Glad.,,,San Diego,Salt Lake
a87ad02f,2025-03-22,40',Yellow Card,Noel Caliskan (Real Salt Lake) is shown the yellow card,,,San Diego,Salt Lake
a87ad02f,2025-03-22,40',,"David Vazquez (San Diego FC) wins a free kick, after being fouled by Noel Caliskan (Real Salt Lake).",,,San Diego,Salt Lake
a87ad02f,2025-03-22,38',Attempt Missed,Attempt missed. Morgan Guilavogui's (Real Salt Lake) with right footed shot from the center of the box with an xG of 20% goes out of bounds.,,,San Diego,Salt Lake
a87ad02f,2025-03-22,38',,"Corner from the left, (Real Salt Lake). Executed by Griffin Dillon.",,,San Diego,Salt Lake
a87ad02f,2025-03-22,34',,"Offside, Real Salt Lake. Sergi Solans is caught offside.",,,San Diego,Salt Lake
a87ad02f,2025-03-22,32',,"Anders Dreyer (San Diego FC) wins a free kick, after being fouled by Aiden Hezarkhani (Real Salt Lake).",,,San Diego,Salt Lake
a87ad02f,2025-03-22,31',,"Offside, Real Salt Lake. Lukas Engel is caught offside.",,,San Diego,Salt Lake
a87ad02f,2025-03-22,30',,"Griffin Dillon (Real Salt Lake) wins a free kick, after being fouled by David Vazquez (San Diego FC).",,,San Diego,Salt Lake
a87ad02f,2025-03-22,27',Goal,Goal! 1:1. Marcus Ingvartsen (San Diego FC) scored with left footed shot from the center of the box with an xG of 55% to the bottom left corner.,,,San Diego,Salt Lake
a87ad02f,2025-03-22,27',Attempt Saved,Attempt blocked. Marcus Ingvartsen's (San Diego FC) with left footed shot from the center of the box with an xG of 18% is blocked by Morgan Guilavogui.,,,San Diego,Salt Lake
a87ad02f,2025-03-22,26',,"Onni Valakari (San Diego FC) wins a free kick, after being fouled by Griffin Dillon (Real Salt Lake).",,,San Diego,Salt Lake
a87ad02f,2025-03-22,26',Attempt Missed,Jeppe Tverskov (San Diego FC) from the center of the box with an xG of 16%.,,,San Diego,Salt Lake
a87ad02f,2025-03-22,26',,"Corner from the left, (San Diego FC). Executed by Anders Dreyer.",,,San Diego,Salt Lake
a87ad02f,2025-03-22,26',Attempt Saved,Attempt saved. David Vazquez's (San Diego FC) with left footed shot from the center of the box with an xG of 47% is saved by Rafael Cabral.,,,San Diego,Salt Lake
a87ad02f,2025-03-22,24',,"Aiden Hezarkhani (Real Salt Lake) wins a free kick, after being fouled by Amahl Pellegrino (San Diego FC).",,,San Diego,Salt Lake
a87ad02f,2025-03-22,24',,"Corner from the left, (San Diego FC). Executed by Anders Dreyer.",,,San Diego,Salt Lake
a87ad02f,2025-03-22,20',,"Offside, San Diego FC. Marcus Ingvartsen is caught offside.",,,San Diego,Salt Lake
a87ad02f,2025-03-22,17',Goal,Goal! 0:1. Sergi Solans (Real Salt Lake) scored with header from the center of the box with an xG of 13% to the bottom right corner. Assisted by Juan Manuel Sanabria.,,,San Diego,Salt Lake
a87ad02f,2025-03-22,14',,"Philip Quinton (Real Salt Lake) wins a free kick, after being fouled by Amahl Pellegrino (San Diego FC).",,,San Diego,Salt Lake
a87ad02f,2025-03-22,4',,"Griffin Dillon (Real Salt Lake) wins a free kick, after being fouled by Jeppe Tverskov (San Diego FC).",,,San Diego,Salt Lake
a87ad02f,2025-03-22,4',Attempt Missed,Attempt missed. Marcus Ingvartsen's (San Diego FC) with header from the center of the box with an xG of 7% goes over.,,,San Diego,Salt Lake
a87ad02f,2025-03-22,2',,"Justen Glad (Real Salt Lake) wins a free kick, after being fouled by Luca Bombino (San Diego FC).",,,San Diego,Salt Lake
a87ad02f,2025-03-22,,Kick Off,First half begins.,,,San Diego,Salt Lake
a87ad02f,2025-03-22,,,Lineups are announced and players are warming up.,,,San Diego,Salt Lake
79f7b7d2,2025-02-28,,Full Time,"Second half ends, LA Galaxy 3, Charlotte FC 0.",,,LA Galaxy,Charlotte
79f7b7d2,2025-02-28,,End Of Second Half,End of match.,,,LA Galaxy,Charlotte
79f7b7d2,2025-02-28,90'+4,,"Corner from the right, (Charlotte FC). Executed by Ashley Westwood.",,,LA Galaxy,Charlotte
79f7b7d2,2025-02-28,90'+3,Attempt Saved,Attempt blocked. Brandt Bronico's (Charlotte FC) with right footed shot from the right side of the box with an xG of 5% is blocked by Julián Aude.,,,LA Galaxy,Charlotte
79f7b7d2,2025-02-28,90'+2,Yellow Card,Lucas Sanabria (LA Galaxy) is shown the yellow card,,,LA Galaxy,Charlotte
79f7b7d2,2025-02-28,90'+2,,"Tyger Smalls (Charlotte FC) wins a free kick, after being fouled by Lucas Sanabria (LA Galaxy).",,,LA Galaxy,Charlotte
79f7b7d2,2025-02-28,90'+1,,"Julián Aude (LA Galaxy) wins a free kick, after being fouled by Tyger Smalls (Charlotte FC).",,,LA Galaxy,Charlotte
79f7b7d2,2025-02-28,90',,"Corner from the right, (LA Galaxy). Executed by Marco Reus.",,,LA Galaxy,Charlotte
79f7b7d2,2025-02-28,90',,"Corner from the right, (LA Galaxy). Executed by Marco Reus.",,,LA Galaxy,Charlotte
79f7b7d2,2025-02-28,89',,"Lucas Sanabria (LA Galaxy) wins a free kick, after being fouled by Wilfried Zaha (Charlotte FC).",,,LA Galaxy,Charlotte
79f7b7d2,2025-02-28,88',Yellow Card,Rubén Ramos Jr. (LA Galaxy) is shown the yellow card,,,LA Galaxy,Charlotte
79f7b7d2,2025-02-28,88',,"Harry Toffolo (Charlotte FC) wins a free kick, after being fouled by Rubén Ramos Jr. (LA Galaxy).",,,LA Galaxy,Charlotte
79f7b7d2,2025-02-28,83',,"Harbor Miller (LA Galaxy) wins a free kick, after being fouled by Tyger Smalls (Charlotte FC).",,,LA Galaxy,Charlotte
79f7b7d2,2025-02-28,82',,,G. Pec,R. Ramos Jr.,LA Galaxy,Charlotte
79f7b7d2,2025-02-28,82',,"Offside, LA Galaxy. Matheus Nascimento is caught offside.",,,LA Galaxy,Charlotte
79f7b7d2,2025-02-28,80',Yellow Card,Ashley Westwood (Charlotte FC) is shown the yellow card,,,LA Galaxy,Charlotte
79f7b7d2,2025-02-28,80',,"Joseph Paintsil (LA Galaxy) wins a free kick, after being fouled by Ashley Westwood (Charlotte FC).",,,LA Galaxy,Charlotte
79f7b7d2,2025-02-28,78',,,I. Toklomati,A. Goodwin,LA Galaxy,Charlotte
79f7b7d2,2025-02-28,78',,,P. Biel,T. Smalls,LA Galaxy,Charlotte
79f7b7d2,2025-02-28,78',,,E. Cerrillo,J. Haak,LA Galaxy,Charlotte
79f7b7d2,2025-02-28,78',,,M. Yamane,H. Miller,LA Galaxy,Charlotte
79f7b7d2,2025-02-28,74',Yellow Card,Morrison Agyemang (Charlotte FC) is shown the yellow card,,,LA Galaxy,Charlotte
79f7b7d2,2025-02-28,74',,"Joseph Paintsil (LA Galaxy) wins a free kick, after being fouled by Morrison Agyemang (Charlotte FC).",,,LA Galaxy,Charlotte
79f7b7d2,2025-02-28,72',,"Corner from the right, (Charlotte FC). Executed by Pep Biel.",,,LA Galaxy,Charlotte
79f7b7d2,2025-02-28,69',,"Matheus Nascimento (LA Galaxy) wins a free kick, after being fouled by Harry Toffolo (Charlotte FC).",,,LA Galaxy,Charlotte
79f7b7d2,2025-02-28,68',,"Offside, LA Galaxy. Matheus Nascimento is caught offside.",,,LA Galaxy,Charlotte
79f7b7d2,2025-02-28,66',,,E. Wynder,M. Reus,LA Galaxy,Charlotte
79f7b7d2,2025-02-28,66',,,J. Klauss,M. Nascimento,LA Galaxy,Charlotte
79f7b7d2,2025-02-28,64',Attempt Saved,Attempt saved. Gabriel Pec's (LA Galaxy) with left footed shot from the central position outside the box with an xG of 3% is saved by Kristijan Kahlina.,,,LA Galaxy,Charlotte
79f7b7d2,2025-02-28,61',,"Wilfried Zaha (Charlotte FC) wins a free kick, after being fouled by Miki Yamane (LA Galaxy).",,,LA Galaxy,Charlotte
79f7b7d2,2025-02-28,60',Attempt Saved,Attempt saved. Gabriel Pec's (LA Galaxy) with right footed shot from the right side of the box with an xG of 18% is saved by Kristijan Kahlina.,,,LA Galaxy,Charlotte
79f7b7d2,2025-02-28,57',Attempt Missed,Attempt missed. Gabriel Pec's (LA Galaxy) with left footed shot from the right side of the box with an xG of 4% misses to the left.,,,LA Galaxy,Charlotte
79f7b7d2,2025-02-28,57',,"Wilfried Zaha (Charlotte FC) wins a free kick, after being fouled by Miki Yamane (LA Galaxy).",,,LA Galaxy,Charlotte
79f7b7d2,2025-02-28,56',,"Nathan Byrne (Charlotte FC) wins a free kick, after being fouled by Joseph Paintsil (LA Galaxy).",,,LA Galaxy,Charlotte
79f7b7d2,2025-02-28,52',Attempt Saved,Attempt saved. Edwin Cerrillo's (LA Galaxy) with right footed shot from the central position outside the box with an xG of 9% is saved by Kristijan Kahlina.,,,LA Galaxy,Charlotte
79f7b7d2,2025-02-28,50',,"Elijah Wynder (LA Galaxy) wins a free kick, after being fouled by Brandt Bronico (Charlotte FC).",,,LA Galaxy,Charlotte
79f7b7d2,2025-02-28,47',,"Gabriel Pec (LA Galaxy) wins a free kick, after being fouled by Harry Toffolo (Charlotte FC).",,,LA Galaxy,Charlotte
79f7b7d2,2025-02-28,,Kick Off,"Second Half begins: LA Galaxy 3, Charlotte FC 0.",,,LA Galaxy,Charlotte
79f7b7d2,2025-02-28,HT,,,A. Privett,Morrison,LA Galaxy,Charlotte
79f7b7d2,2025-02-28,HT,,,D. Diani,B. Bronico,LA Galaxy,Charlotte
79f7b7d2,2025-02-28,HT,,,L. de la Torre,A. Westwood,LA Galaxy,Charlotte
79f7b7d2,2025-02-28,,Half Time,"First half ends, LA Galaxy 3, Charlotte FC 0.",,,LA Galaxy,Charlotte
79f7b7d2,2025-02-28,45'+4,,"Offside, LA Galaxy. João Klauss is caught offside.",,,LA Galaxy,Charlotte
79f7b7d2,2025-02-28,45'+3,,"João Klauss (LA Galaxy) wins a free kick, after being fouled by Andrew Privett (Charlotte FC).",,,LA Galaxy,Charlotte
79f7b7d2,2025-02-28,45'+2,,"Wilfried Zaha (Charlotte FC) wins a free kick, after being fouled by Gabriel Pec (LA Galaxy).",,,LA Galaxy,Charlotte
79f7b7d2,2025-02-28,43',Yellow Card,Idan Toklomati (Charlotte FC) is shown the yellow card,,,LA Galaxy,Charlotte
79f7b7d2,2025-02-28,43',,"Julián Aude (LA Galaxy) wins a free kick, after being fouled by Idan Toklomati (Charlotte FC).",,,LA Galaxy,Charlotte
79f7b7d2,2025-02-28,39',,"Kerwin Vargas (Charlotte FC) wins a free kick, after being fouled by Julián Aude (LA Galaxy).",,,LA Galaxy,Charlotte
79f7b7d2,2025-02-28,39',,"Harry Toffolo (Charlotte FC) wins a free kick, after being fouled by Maya Yoshida (LA Galaxy).",,,LA Galaxy,Charlotte
79f7b7d2,2025-02-28,39',,"Corner from the left, (LA Galaxy). Executed by Lucas Sanabria.",,,LA Galaxy,Charlotte
79f7b7d2,2025-02-28,38',Attempt Saved,Attempt saved. Miki Yamane's (LA Galaxy) with left footed shot from the right side of the box with an xG of 4% is saved by Kristijan Kahlina.,,,LA Galaxy,Charlotte
79f7b7d2,2025-02-28,36',Attempt Missed,Attempt missed. Djibril Diani's (Charlotte FC) with header from the center of the box with an xG of 20% misses to the left.,,,LA Galaxy,Charlotte
79f7b7d2,2025-02-28,36',,"Corner from the right, (Charlotte FC). Executed by Pep Biel.",,,LA Galaxy,Charlotte
79f7b7d2,2025-02-28,33',,"Harry Toffolo (Charlotte FC) wins a free kick, after being fouled by João Klauss (LA Galaxy).",,,LA Galaxy,Charlotte
79f7b7d2,2025-02-28,31',,"Offside, LA Galaxy. Jakob Glesnes is caught offside.",,,LA Galaxy,Charlotte
79f7b7d2,2025-02-28,30',Yellow Card,Wilfried Zaha (Charlotte FC) is shown the yellow card,,,LA Galaxy,Charlotte
79f7b7d2,2025-02-28,30',,"Gabriel Pec (LA Galaxy) wins a free kick, after being fouled by Wilfried Zaha (Charlotte FC).",,,LA Galaxy,Charlotte
79f7b7d2,2025-02-28,29',Attempt Missed,Attempt missed. Wilfried Zaha's (Charlotte FC) with left footed shot from the left side of the box with an xG of 4% misses to the right.,,,LA Galaxy,Charlotte
79f7b7d2,2025-02-28,28',Attempt Saved,Attempt saved. Kerwin Vargas's (Charlotte FC) with right footed shot from the center of the box with an xG of 8% is saved by Novak Micovic.,,,LA Galaxy,Charlotte
79f7b7d2,2025-02-28,27',Attempt Saved,Attempt saved. Joseph Paintsil's (LA Galaxy) with right footed shot from the center of the box with an xG of 18% is saved by Kristijan Kahlina.,,,LA Galaxy,Charlotte
79f7b7d2,2025-02-28,25',,"Corner from the left, (Charlotte FC). Executed by Kerwin Vargas.",,,LA Galaxy,Charlotte
79f7b7d2,2025-02-28,24',Attempt Saved,Attempt saved. João Klauss's (LA Galaxy) with left footed shot from the center of the box with an xG of 10% is saved by Kristijan Kahlina.,,,LA Galaxy,Charlotte
79f7b7d2,2025-02-28,23',,"Novak Micovic (LA Galaxy) wins a free kick, after being fouled by Wilfried Zaha (Charlotte FC).",,,LA Galaxy,Charlotte
79f7b7d2,2025-02-28,23',,"Corner from the right, (Charlotte FC). Executed by Pep Biel.",,,LA Galaxy,Charlotte
79f7b7d2,2025-02-28,20',,"Gabriel Pec (LA Galaxy) wins a free kick, after being fouled by Wilfried Zaha (Charlotte FC).",,,LA Galaxy,Charlotte
79f7b7d2,2025-02-28,18',Attempt Missed,Attempt missed. Lucas Sanabria's (LA Galaxy) with header from the center of the box with an xG of 2% misses to the left.,,,LA Galaxy,Charlotte
79f7b7d2,2025-02-28,18',,"Corner from the right, (LA Galaxy). Executed by Gabriel Pec.",,,LA Galaxy,Charlotte
79f7b7d2,2025-02-28,16',Attempt Saved,Attempt saved. Gabriel Pec's (LA Galaxy) with left footed shot from the center of the box with an xG of 11% is saved by Kristijan Kahlina.,,,LA Galaxy,Charlotte
79f7b7d2,2025-02-28,13',Goal,Goal! 3:0. João Klauss (LA Galaxy) scored with right footed shot from the central position outside the box with an xG of 17% to the bottom right corner.,,,LA Galaxy,Charlotte
79f7b7d2,2025-02-28,11',Goal,Goal! 2:0. João Klauss (LA Galaxy) scored with left footed shot from the center of the box with an xG of 84% to the middle left zone. Assisted by Gabriel Pec.,,,LA Galaxy,Charlotte
79f7b7d2,2025-02-28,8',Goal,Goal! 1:0. Lucas Sanabria (LA Galaxy) scored with right footed shot from the center of the box with an xG of 25% to the lower right zone.,,,LA Galaxy,Charlotte
79f7b7d2,2025-02-28,8',Attempt Saved,Attempt saved. Gabriel Pec's (LA Galaxy) with left footed shot from the right side of the box with an xG of 3% is saved by Kristijan Kahlina.,,,LA Galaxy,Charlotte
79f7b7d2,2025-02-28,6',,"Gabriel Pec (LA Galaxy) wins a free kick, after being fouled by Luca de la Torre (Charlotte FC).",,,LA Galaxy,Charlotte
79f7b7d2,2025-02-28,,Kick Off,First half begins.,,,LA Galaxy,Charlotte
79f7b7d2,2025-02-28,,,Lineups are announced and players are warming up.,,,LA Galaxy,Charlotte
bc951dce,2025-03-14,,End Of Second Half,End of match.,,,Chicago,D.C. United
bc951dce,2025-03-14,,Full Time,"Second half ends, Chicago Fire FC 1, D.C. United 2.",,,Chicago,D.C. United
bc951dce,2025-03-14,90'+17,,"Keisuke Kurokawa (D.C. United) wins a free kick, after being fouled by Dylan Borso (Chicago Fire FC).",,,Chicago,D.C. United
bc951dce,2025-03-14,90'+14,,"Offside, D.C. United. Caden Clark is caught offside.",,,Chicago,D.C. United
bc951dce,2025-03-14,90'+13,,"Offside, Chicago Fire FC. Jonathan Bamba is caught offside.",,,Chicago,D.C. United
bc951dce,2025-03-14,90'+12,Attempt Saved,Attempt blocked. Philip Zinckernagel's (Chicago Fire FC) with right footed shot from the central position outside the box with an xG of 7% is blocked by Kye Rowles.,,,Chicago,D.C. United
bc951dce,2025-03-14,90'+11,,"Keisuke Kurokawa (D.C. United) wins a free kick, after being fouled by Anton Salétros (Chicago Fire FC).",,,Chicago,D.C. United
bc951dce,2025-03-14,90'+10,,"Maren Haile-Selassie (Chicago Fire FC) wins a free kick, after being fouled by Caden Clark (D.C. United).",,,Chicago,D.C. United
bc951dce,2025-03-14,90'+8,,"Offside, Chicago Fire FC. Hugo Cuypers is caught offside.",,,Chicago,D.C. United
bc951dce,2025-03-14,90'+5,,,J. Dean,V. Radojević,Chicago,D.C. United
bc951dce,2025-03-14,90'+5,,,L. Barroso,D. Borso,Chicago,D.C. United
bc951dce,2025-03-14,90'+5,,,B. Servania,S. Nealis,Chicago,D.C. United
bc951dce,2025-03-14,90'+5,Penalty Goal,Goal! 1:2. Tai Baribo (D.C. United) scored from penalty with right footed shot with an xG of 77% to the top left corner.,,,Chicago,D.C. United
bc951dce,2025-03-14,89',,Foul by Jonathan Dean (Chicago Fire FC).,,,Chicago,D.C. United
bc951dce,2025-03-14,88',,"Brandon Servania (D.C. United) wins a free kick, after being fouled by Mauricio Pineda (Chicago Fire FC).",,,Chicago,D.C. United
bc951dce,2025-03-14,87',,"Joel Waterman (Chicago Fire FC) wins a free kick, after being fouled by Caden Clark (D.C. United).",,,Chicago,D.C. United
bc951dce,2025-03-14,86',,,J. Peglow,J. Murrell,Chicago,D.C. United
bc951dce,2025-03-14,85',,"Corner from the right, (Chicago Fire FC). Executed by Anton Salétros.",,,Chicago,D.C. United
bc951dce,2025-03-14,84',Goal,Goal! 1:1. Matti Peltola (D.C. United) scored with right footed shot from the center of the box with an xG of 7% to the lower left zone.,,,Chicago,D.C. United
bc951dce,2025-03-14,83',Attempt Saved,Attempt blocked. Brandon Servania's (D.C. United) with left footed shot from the central position outside the box with an xG of 3% is blocked by Anton Salétros.,,,Chicago,D.C. United
bc951dce,2025-03-14,81',Penalty Goal,Goal! 1:0. Hugo Cuypers (Chicago Fire FC) scored from penalty with right footed shot with an xG of 77% to the central zone.,,,Chicago,D.C. United
bc951dce,2025-03-14,79',,Foul by Jackson Hopkins (D.C. United).,,,Chicago,D.C. United
bc951dce,2025-03-14,78',,"Corner from the left, (Chicago Fire FC). Executed by Philip Zinckernagel.",,,Chicago,D.C. United
bc951dce,2025-03-14,78',,,G. Pirani,C. Clark,Chicago,D.C. United
bc951dce,2025-03-14,78',Attempt Saved,Attempt blocked. Philip Zinckernagel's (Chicago Fire FC) with left footed shot from the central position outside the box with an xG of 5% is blocked by Kye Rowles.,,,Chicago,D.C. United
bc951dce,2025-03-14,72',Attempt Missed,Attempt missed. Anton Salétros's (Chicago Fire FC) with left footed shot from the right side of the box with an xG of 8% misses to the left.,,,Chicago,D.C. United
bc951dce,2025-03-14,71',,"Corner from the left, (Chicago Fire FC). Executed by Philip Zinckernagel.",,,Chicago,D.C. United
bc951dce,2025-03-14,68',Attempt Missed,Attempt missed. Jonathan Bamba's (Chicago Fire FC) with left footed shot from the central position outside the box with an xG of 5% goes over to the left.,,,Chicago,D.C. United
bc951dce,2025-03-14,67',Attempt Saved,Attempt blocked. Leonardo Barroso's (Chicago Fire FC) with right footed shot from the center of the box with an xG of 5% is blocked by Matti Peltola.,,,Chicago,D.C. United
bc951dce,2025-03-14,65',,,J. Elliott,J. Waterman,Chicago,D.C. United
bc951dce,2025-03-14,65',,,D. D’Avilla,M. Pineda,Chicago,D.C. United
bc951dce,2025-03-14,65',,,R. Lod,M. Haile-Selassie,Chicago,D.C. United
bc951dce,2025-03-14,64',Yellow Card,Dje D’Avilla (Chicago Fire FC) is shown the yellow card,,,Chicago,D.C. United
bc951dce,2025-03-14,64',,"João Peglow (D.C. United) wins a free kick, after being fouled by Dje D’Avilla (Chicago Fire FC).",,,Chicago,D.C. United
bc951dce,2025-03-14,63',Attempt Saved,Attempt saved. João Peglow's (D.C. United) with right footed shot from the left side of the box with an xG of 5% is saved by Chris Brady.,,,Chicago,D.C. United
bc951dce,2025-03-14,62',Attempt Missed,Attempt missed. Leonardo Barroso's (Chicago Fire FC) with right footed shot from the right side of the box with an xG of 4% misses to the right.,,,Chicago,D.C. United
bc951dce,2025-03-14,62',Attempt Saved,Attempt blocked. Philip Zinckernagel's (Chicago Fire FC) with right footed shot from the center of the box with an xG of 9% is blocked by Lucas Bartlett.,,,Chicago,D.C. United
bc951dce,2025-03-14,60',,"Dje D’Avilla (Chicago Fire FC) wins a free kick, after being fouled by Brandon Servania (D.C. United).",,,Chicago,D.C. United
bc951dce,2025-03-14,59',,"Chris Brady (Chicago Fire FC) wins a free kick, after being fouled by Lucas Bartlett (D.C. United).",,,Chicago,D.C. United
bc951dce,2025-03-14,59',,"Corner from the left, (D.C. United). Executed by João Peglow.",,,Chicago,D.C. United
bc951dce,2025-03-14,57',Yellow Card,Jack Elliott (Chicago Fire FC) is shown the yellow card,,,Chicago,D.C. United
bc951dce,2025-03-14,56',,"Gabriel Pirani (D.C. United) wins a free kick, after being fouled by Jack Elliott (Chicago Fire FC).",,,Chicago,D.C. United
bc951dce,2025-03-14,56',,"Corner from the right, (D.C. United). Executed by Keisuke Kurokawa.",,,Chicago,D.C. United
bc951dce,2025-03-14,54',,"Matti Peltola (D.C. United) wins a free kick, after being fouled by Hugo Cuypers (Chicago Fire FC).",,,Chicago,D.C. United
bc951dce,2025-03-14,50',,"Mbekezeli Mbokazi (Chicago Fire FC) wins a free kick, after being fouled by Tai Baribo (D.C. United).",,,Chicago,D.C. United
bc951dce,2025-03-14,50',,"Brandon Servania (D.C. United) wins a free kick, after being fouled by Robin Lod (Chicago Fire FC).",,,Chicago,D.C. United
bc951dce,2025-03-14,48',,"Offside, D.C. United. João Peglow is caught offside.",,,Chicago,D.C. United
bc951dce,2025-03-14,46',,"Kye Rowles (D.C. United) wins a free kick, after being fouled by Robin Lod (Chicago Fire FC).",,,Chicago,D.C. United
bc951dce,2025-03-14,,Kick Off,"Second Half begins: Chicago Fire FC 0, D.C. United 0.",,,Chicago,D.C. United
bc951dce,2025-03-14,,Half Time,"First half ends, Chicago Fire FC 0, D.C. United 0.",,,Chicago,D.C. United
bc951dce,2025-03-14,45'+8,Attempt Missed,Attempt missed. Philip Zinckernagel's (Chicago Fire FC) with left footed shot from the left side of the box with an xG of 5% misses to the left.,,,Chicago,D.C. United
bc951dce,2025-03-14,45'+8,Attempt Saved,Attempt blocked. Anton Salétros's (Chicago Fire FC) with right footed shot from the central position outside the box with an xG of 3% is blocked by Kye Rowles.,,,Chicago,D.C. United
bc951dce,2025-03-14,45'+6,Attempt Saved,Attempt saved. Jonathan Bamba's (Chicago Fire FC) with right footed shot from the left side of the box with an xG of 3% is saved by Sean Johnson.,,,Chicago,D.C. United
bc951dce,2025-03-14,45'+4,Attempt Saved,Attempt blocked. Philip Zinckernagel's (Chicago Fire FC) with right footed shot from the center of the box with an xG of 21% is blocked by Matti Peltola.,,,Chicago,D.C. United
bc951dce,2025-03-14,43',,"Offside, D.C. United. Jackson Hopkins is caught offside.",,,Chicago,D.C. United
bc951dce,2025-03-14,43',Attempt Missed,Tai Baribo (D.C. United) with header from the center of the box with an xG of 9%.,,,Chicago,D.C. United
bc951dce,2025-03-14,43',,"Corner from the left, (D.C. United). Executed by João Peglow.",,,Chicago,D.C. United
bc951dce,2025-03-14,42',,"Corner from the right, (D.C. United). Executed by Keisuke Kurokawa.",,,Chicago,D.C. United
bc951dce,2025-03-14,34',Yellow Card,Jackson Hopkins (D.C. United) is shown the yellow card,,,Chicago,D.C. United
bc951dce,2025-03-14,34',,"Jonathan Bamba (Chicago Fire FC) wins a free kick, after being fouled by Jackson Hopkins (D.C. United).",,,Chicago,D.C. United
5cbb5d7a,2025-03-14,,End Of Second Half,End of match.,,,LA Galaxy,Kansas City
5cbb5d7a,2025-03-14,,Full Time,"Second half ends, LA Galaxy 1, Sporting Kansas City 2.",,,LA Galaxy,Kansas City
5cbb5d7a,2025-03-14,90'+8,,"John Pulskamp (Sporting Kansas City) wins a free kick, after being fouled by Maya Yoshida (LA Galaxy).",,,LA Galaxy,Kansas City
5cbb5d7a,2025-03-14,90'+8,,"Lucas Sanabria (LA Galaxy) wins a free kick, after being fouled by Dejan Joveljić (Sporting Kansas City).",,,LA Galaxy,Kansas City
5cbb5d7a,2025-03-14,90'+7,,"Lucas Sanabria (LA Galaxy) wins a free kick, after being fouled by Stephen Afrifa (Sporting Kansas City).",,,LA Galaxy,Kansas City
5cbb5d7a,2025-03-14,,,"Shapi Suleymanov (Sporting Kansas City) wins a free kick, after being fouled by Mauricio Cuevas (LA Galaxy).",,,LA Galaxy,Kansas City
5cbb5d7a,2025-03-14,90'+3,,"Corner from the left, (LA Galaxy). Executed by Harbor Miller.",,,LA Galaxy,Kansas City
5cbb5d7a,2025-03-14,90'+2,,"Marco Reus (LA Galaxy) wins a free kick, after being fouled by Dejan Joveljić (Sporting Kansas City).",,,LA Galaxy,Kansas City
5cbb5d7a,2025-03-14,89',,"Corner from the left, (LA Galaxy). Executed by Marco Reus.",,,LA Galaxy,Kansas City
5cbb5d7a,2025-03-14,88',,,J. Davis,J. Miller,LA Galaxy,Kansas City
5cbb5d7a,2025-03-14,87',Attempt Missed,Maya Yoshida (LA Galaxy) with header from the center of the box.,,,LA Galaxy,Kansas City
5cbb5d7a,2025-03-14,87',,"Corner from the right, (LA Galaxy). Executed by Rubén Ramos Jr..",,,LA Galaxy,Kansas City
5cbb5d7a,2025-03-14,85',Attempt Missed,Attempt missed. Justin Haak's (LA Galaxy) with header from the center of the box with an xG of 21% goes over.,,,LA Galaxy,Kansas City
5cbb5d7a,2025-03-14,85',,"Corner from the left, (LA Galaxy). Executed by Marco Reus.",,,LA Galaxy,Kansas City
5cbb5d7a,2025-03-14,82',Goal,Goal! 1:2. Marco Reus (LA Galaxy) scored with header from the center of the box with an xG of 55% to the lower left central zone.,,,LA Galaxy,Kansas City
5cbb5d7a,2025-03-14,82',Attempt Saved,Attempt saved. Matheus Nascimento's (LA Galaxy) with right footed shot from the center of the box with an xG of 16% is saved by John Pulskamp.,,,LA Galaxy,Kansas City
5cbb5d7a,2025-03-14,82',Post,Edwin Cerrillo (LA Galaxy) hits the right post from the central position outside the box with an xG of 2%.,,,LA Galaxy,Kansas City
5cbb5d7a,2025-03-14,82',Attempt Saved,Attempt saved. Matheus Nascimento's (LA Galaxy) with right footed shot from the center of the box with an xG of 18% is saved by John Pulskamp.,,,LA Galaxy,Kansas City
5cbb5d7a,2025-03-14,80',,,E. Wynder,L. Sanabria,LA Galaxy,Kansas City
5cbb5d7a,2025-03-14,79',,,J. Aude,J. Nelson,LA Galaxy,Kansas City
5cbb5d7a,2025-03-14,78',Yellow Card,Edwin Cerrillo (LA Galaxy) is shown the yellow card,,,LA Galaxy,Kansas City
5cbb5d7a,2025-03-14,78',,"Manu García (Sporting Kansas City) wins a free kick, after being fouled by Edwin Cerrillo (LA Galaxy).",,,LA Galaxy,Kansas City
5cbb5d7a,2025-03-14,78',,"Maya Yoshida (LA Galaxy) wins a free kick, after being fouled by Dejan Joveljić (Sporting Kansas City).",,,LA Galaxy,Kansas City
5cbb5d7a,2025-03-14,74',Goal,"Goal! 0:2. Lasse Johnsen (Sporting Kansas City) scored with right footed shot from the central position outside the box with an xG of 7% to the bottom left corner. Assisted by Stephen Afrifa, second assist by Dejan Joveljić.",,,LA Galaxy,Kansas City
5cbb5d7a,2025-03-14,73',Attempt Saved,Attempt saved. Dejan Joveljić's (Sporting Kansas City) with left footed shot from the center of the box with an xG of 13% is saved by Novak Micovic.,,,LA Galaxy,Kansas City
5cbb5d7a,2025-03-14,72',,"Corner from the left, (LA Galaxy). Executed by Marco Reus.",,,LA Galaxy,Kansas City
5cbb5d7a,2025-03-14,71',,,C. Harris,S. Afrifa,LA Galaxy,Kansas City
5cbb5d7a,2025-03-14,70',Attempt Missed,Attempt missed. Maya Yoshida's (LA Galaxy) with header from the center of the box with an xG of 14% goes over.,,,LA Galaxy,Kansas City
5cbb5d7a,2025-03-14,69',Yellow Card,Wyatt Meyer (Sporting Kansas City) is shown the yellow card,,,LA Galaxy,Kansas City
5cbb5d7a,2025-03-14,69',,"Matheus Nascimento (LA Galaxy) wins a free kick, after being fouled by Wyatt Meyer (Sporting Kansas City).",,,LA Galaxy,Kansas City
5cbb5d7a,2025-03-14,66',,"Offside, Sporting Kansas City. Shapi Suleymanov is caught offside.",,,LA Galaxy,Kansas City
5cbb5d7a,2025-03-14,65',,"Jacob Bartlett (Sporting Kansas City) wins a free kick, after being fouled by Maya Yoshida (LA Galaxy).",,,LA Galaxy,Kansas City
5cbb5d7a,2025-03-14,63',,,M. Yamane,M. Cuevas,LA Galaxy,Kansas City
5cbb5d7a,2025-03-14,63',,,E. Thommy,R. Ramos Jr.,LA Galaxy,Kansas City
5cbb5d7a,2025-03-14,63',,,J. Klauss,M. Nascimento,LA Galaxy,Kansas City
5cbb5d7a,2025-03-14,60',,"Corner from the left, (LA Galaxy). Executed by Marco Reus.",,,LA Galaxy,Kansas City
5cbb5d7a,2025-03-14,56',Attempt Missed,Attempt missed. João Klauss's (LA Galaxy) with header from the center of the box with an xG of 7% goes over.,,,LA Galaxy,Kansas City
5cbb5d7a,2025-03-14,56',,"Corner from the left, (LA Galaxy). Executed by Marco Reus.",,,LA Galaxy,Kansas City
5cbb5d7a,2025-03-14,55',,"Corner from the right, (LA Galaxy). Executed by Erik Thommy.",,,LA Galaxy,Kansas City
5cbb5d7a,2025-03-14,55',Attempt Saved,Attempt blocked. Erik Thommy's (LA Galaxy) with right footed shot from the right side of the box with an xG of 5% is blocked by Ethan Bartlow.,,,LA Galaxy,Kansas City
5cbb5d7a,2025-03-14,54',Attempt Missed,Attempt missed. Harbor Miller's (LA Galaxy) with right footed shot from the left side of the box with an xG of 6% misses to the left.,,,LA Galaxy,Kansas City
5cbb5d7a,2025-03-14,50',,"Justin Haak (LA Galaxy) wins a free kick, after being fouled by Calvin Harris (Sporting Kansas City).",,,LA Galaxy,Kansas City
5cbb5d7a,2025-03-14,46',,"Marco Reus (LA Galaxy) wins a free kick, after being fouled by Manu García (Sporting Kansas City).",,,LA Galaxy,Kansas City
5cbb5d7a,2025-03-14,,Kick Off,"Second Half begins: LA Galaxy 0, Sporting Kansas City 1.",,,LA Galaxy,Kansas City
5cbb5d7a,2025-03-14,,Half Time,"First half ends, LA Galaxy 0, Sporting Kansas City 1.",,,LA Galaxy,Kansas City
5cbb5d7a,2025-03-14,45'+2,Goal,"Goal! 0:1. Dejan Joveljić (Sporting Kansas City) scored with right footed shot from the left side of the box with an xG of 4% to the bottom right corner. Assisted by Manu García, second assist by Lasse Johnsen.",,,LA Galaxy,Kansas City
5cbb5d7a,2025-03-14,45',Attempt Missed,Attempt missed. Shapi Suleymanov's (Sporting Kansas City) with left footed shot from the left half-space outside the box with an xG of 4% goes over to the left.,,,LA Galaxy,Kansas City
5cbb5d7a,2025-03-14,45',,"Corner from the left, (Sporting Kansas City). Executed by Manu García.",,,LA Galaxy,Kansas City
5cbb5d7a,2025-03-14,45',Attempt Saved,Attempt saved. Dejan Joveljić's (Sporting Kansas City) with left footed shot from the left side of the box with an xG of 10% is saved by Novak Micovic.,,,LA Galaxy,Kansas City
5cbb5d7a,2025-03-14,43',Attempt Missed,Attempt missed. Justin Haak's (LA Galaxy) with header from the center of the box with an xG of 10% goes over to the right.,,,LA Galaxy,Kansas City
5cbb5d7a,2025-03-14,43',,"Corner from the right, (LA Galaxy). Executed by Marco Reus.",,,LA Galaxy,Kansas City
5cbb5d7a,2025-03-14,42',,"Erik Thommy (LA Galaxy) wins a free kick, after being fouled by Jayden Reid (Sporting Kansas City).",,,LA Galaxy,Kansas City
5cbb5d7a,2025-03-14,41',,"Corner from the left, (Sporting Kansas City). Executed by Manu García.",,,LA Galaxy,Kansas City
5cbb5d7a,2025-03-14,41',Attempt Saved,Attempt blocked. Calvin Harris's (Sporting Kansas City) with right footed shot from the right side of the box with an xG of 2% is blocked by Julián Aude.,,,LA Galaxy,Kansas City
5cbb5d7a,2025-03-14,40',Attempt Saved,Attempt saved. João Klauss's (LA Galaxy) with right footed shot from the left side of the box with an xG of 7% is saved by John Pulskamp.,,,LA Galaxy,Kansas City
5cbb5d7a,2025-03-14,39',Attempt Missed,Attempt missed. João Klauss's (LA Galaxy) with right footed shot from the left half-space outside the box with an xG of 3% goes over to the left.,,,LA Galaxy,Kansas City
5cbb5d7a,2025-03-14,38',,"Manu García (Sporting Kansas City) wins a free kick, after being fouled by Justin Haak (LA Galaxy).",,,LA Galaxy,Kansas City
5cbb5d7a,2025-03-14,34',,"Corner from the right, (LA Galaxy). Executed by Erik Thommy.",,,LA Galaxy,Kansas City
5cbb5d7a,2025-03-14,32',,"João Klauss (LA Galaxy) wins a free kick, after being fouled by Jayden Reid (Sporting Kansas City).",,,LA Galaxy,Kansas City
5cbb5d7a,2025-03-14,30',,"Jayden Reid (Sporting Kansas City) wins a free kick, after being fouled by Erik Thommy (LA Galaxy).",,,LA Galaxy,Kansas City
5cbb5d7a,2025-03-14,29',Attempt Saved,Attempt blocked. Lasse Johnsen's (Sporting Kansas City) with right footed shot from the left half-space outside the box with an xG of 3% is blocked by Justin Haak.,,,LA Galaxy,Kansas City
5cbb5d7a,2025-03-14,27',,"Calvin Harris (Sporting Kansas City) wins a free kick, after being fouled by Julián Aude (LA Galaxy).",,,LA Galaxy,Kansas City
5cbb5d7a,2025-03-14,26',,"Offside, LA Galaxy. Erik Thommy is caught offside.",,,LA Galaxy,Kansas City
5cbb5d7a,2025-03-14,25',Attempt Saved,Attempt saved. Harbor Miller's (LA Galaxy) with right footed shot from the central position outside the box with an xG of 4% is saved by John Pulskamp.,,,LA Galaxy,Kansas City
5cbb5d7a,2025-03-14,23',,"Julián Aude (LA Galaxy) wins a free kick, after being fouled by Calvin Harris (Sporting Kansas City).",,,LA Galaxy,Kansas City
5cbb5d7a,2025-03-14,23',,"Erik Thommy (LA Galaxy) wins a free kick, after being fouled by Jayden Reid (Sporting Kansas City).",,,LA Galaxy,Kansas City
5cbb5d7a,2025-03-14,22',Post,Marco Reus (LA Galaxy) hits the cross bar from the center of the box with an xG of 17%.,,,LA Galaxy,Kansas City
5cbb5d7a,2025-03-14,21',,"Harbor Miller (LA Galaxy) wins a free kick, after being fouled by Jacob Bartlett (Sporting Kansas City).",,,LA Galaxy,Kansas City
5cbb5d7a,2025-03-14,20',Attempt Missed,Erik Thommy (LA Galaxy) with left footed shot from the right half-space outside the box with an xG of 3%.,,,LA Galaxy,Kansas City
5cbb5d7a,2025-03-14,6',,"Offside, Sporting Kansas City. Jacob Bartlett is caught offside.",,,LA Galaxy,Kansas City
5cbb5d7a,2025-03-14,5',Attempt Saved,Attempt blocked. Erik Thommy's (LA Galaxy) with left footed shot from the center of the box with an xG of 13% is blocked by Jacob Bartlett.,,,LA Galaxy,Kansas City
5cbb5d7a,2025-03-14,4',,"Corner from the right, (Sporting Kansas City). Executed by Manu García.",,,LA Galaxy,Kansas City
5cbb5d7a,2025-03-14,2',Attempt Saved,Attempt blocked. Elijah Wynder's (LA Galaxy) with right footed shot from the central position outside the box with an xG of 3% is blocked by Jacob Bartlett.,,,LA Galaxy,Kansas City
5cbb5d7a,2025-03-14,,Kick Off,First half begins.,,,LA Galaxy,Kansas City
5cbb5d7a,2025-03-14,,,Lineups are announced and players are warming up.,,,LA Galaxy,Kansas City
2d227e16,2025-03-14,,Full Time,"Second half ends, Toronto FC 1, Red Bull New York 1.",,,Toronto,New York
2d227e16,2025-03-14,,End Of Second Half,End of match.,,,Toronto,New York
2d227e16,2025-03-14,90'+8,Goal,Goal! 1:1. Eric Maxim Choupo-Moting (Red Bull New York) scored with right footed shot from the center of the box with an xG of 24% to the upper right central zone.,,,Toronto,New York
2d227e16,2025-03-14,90'+7,Attempt Saved,Attempt blocked. Tanner Rosborough's (Red Bull New York) with left footed shot from the center of the box with an xG of 17% is blocked by Benjamín Kuscevic.,,,Toronto,New York
2d227e16,2025-03-14,90'+7,,"Corner from the right, (Red Bull New York). Executed by Omar Valencia.",,,Toronto,New York
2d227e16,2025-03-14,90'+6,Attempt Saved,Attempt saved. Dániel Sallói's (Toronto FC) with right footed shot from the right side of the box with an xG of 12% is saved by Ethan Horvath.,,,Toronto,New York
2d227e16,2025-03-14,90'+6,Attempt Saved,Attempt saved. Dániel Sallói's (Toronto FC) with right footed shot from the right side of the box with an xG of 10% is saved by Ethan Horvath.,,,Toronto,New York
2d227e16,2025-03-14,90'+4,,"Corner from the left, (Red Bull New York). Executed by Emil Forsberg.",,,Toronto,New York
2d227e16,2025-03-14,90'+3,,"Corner from the left, (Red Bull New York). Executed by Emil Forsberg.",,,Toronto,New York
2d227e16,2025-03-14,90'+3,Attempt Saved,Attempt blocked. Jorge Ruvalcaba's (Red Bull New York) with right footed shot from the left half-space outside the box with an xG of 3% is blocked by Jonathan Osorio.,,,Toronto,New York
2d227e16,2025-03-14,90'+2,,,J. Che,T. Parker,Toronto,New York
2d227e16,2025-03-14,89',,"Jahkeele Marshall-Rutty (Red Bull New York) wins a free kick, after being fouled by Alonso Coello (Toronto FC).",,,Toronto,New York
2d227e16,2025-03-14,88',Attempt Missed,Attempt missed. Derrick Etienne Jr.'s (Toronto FC) with left footed shot from the left side of the box with an xG of 5% misses to the right.,,,Toronto,New York
2d227e16,2025-03-14,87',,,D. Mihailovic,A. Coello,Toronto,New York
2d227e16,2025-03-14,86',Attempt Missed,Attempt missed. Walker Zimmerman's (Toronto FC) with header from the center of the box with an xG of 7% goes over.,,,Toronto,New York
2d227e16,2025-03-14,86',,"Corner from the right, (Toronto FC). Executed by Djordje Mihailovic.",,,Toronto,New York
2d227e16,2025-03-14,86',Attempt Saved,Attempt saved. Josh Sargent's (Toronto FC) with right footed shot from the right side of the box with an xG of 11% is saved by Ethan Horvath.,,,Toronto,New York
2d227e16,2025-03-14,85',Attempt Saved,Attempt blocked. Justin Che's (Red Bull New York) with right footed shot from the right side of the box with an xG of 7% is blocked by Kobe Franklin.,,,Toronto,New York
2d227e16,2025-03-14,85',Attempt Saved,Attempt blocked. Jorge Ruvalcaba's (Red Bull New York) with right footed shot from the right side of the box with an xG of 18% is blocked by Kobe Franklin.,,,Toronto,New York
2d227e16,2025-03-14,85',,"Corner from the right, (Red Bull New York). Executed by Omar Valencia.",,,Toronto,New York
2d227e16,2025-03-14,84',Attempt Saved,Attempt saved. Tanner Rosborough's (Red Bull New York) with right footed shot from the right side of the box with an xG of 4% is saved by Luka Gavran.,,,Toronto,New York
2d227e16,2025-03-14,83',,Foul by Jorge Ruvalcaba (Red Bull New York).,,,Toronto,New York
2d227e16,2025-03-14,82',,,R. Edwards,K. Franklin,Toronto,New York
2d227e16,2025-03-14,77',Attempt Missed,Attempt missed. Walker Zimmerman's (Toronto FC) with header from the center of the box with an xG of 30% goes over.,,,Toronto,New York
2d227e16,2025-03-14,77',,"Corner from the left, (Toronto FC). Executed by Djordje Mihailovic.",,,Toronto,New York
2d227e16,2025-03-14,77',,,M. Dos Santos,O. Valencia,Toronto,New York
2d227e16,2025-03-14,77',,,R. Donkor,E. Choupo-Moting,Toronto,New York
2d227e16,2025-03-14,,,"Corner from the right, (Red Bull New York). Executed by Matthew Dos Santos.",,,Toronto,New York
2d227e16,2025-03-14,71',Attempt Saved,Attempt blocked. Emil Forsberg's (Red Bull New York) with right footed shot from the center of the box with an xG of 15% is blocked by Jonathan Osorio.,,,Toronto,New York
2d227e16,2025-03-14,71',Attempt Saved,Attempt blocked. Josh Sargent's (Toronto FC) with left footed shot from the center of the box is blocked by Jahkeele Marshall-Rutty.,,,Toronto,New York
2d227e16,2025-03-14,71',Attempt Saved,Attempt blocked. Josh Sargent's (Toronto FC) with header from the center of the box with an xG of 34% is blocked by Deandre Kerr.,,,Toronto,New York
2d227e16,2025-03-14,71',,"Corner from the left, (Toronto FC). Executed by Djordje Mihailovic.",,,Toronto,New York
2d227e16,2025-03-14,70',,,J. Cifuentes,J. Sargent,Toronto,New York
2d227e16,2025-03-14,69',,"Robert Voloder (Red Bull New York) wins a free kick, after being fouled by Deandre Kerr (Toronto FC).",,,Toronto,New York
2d227e16,2025-03-14,68',Post,Emil Forsberg (Red Bull New York) hits the left post from the center of the box with an xG of 5%.,,,Toronto,New York
2d227e16,2025-03-14,66',,"Tanner Rosborough (Red Bull New York) wins a free kick, after being fouled by Richie Laryea (Toronto FC).",,,Toronto,New York
2d227e16,2025-03-14,66',,,M. Sofo,T. Rosborough,Toronto,New York
2d227e16,2025-03-14,65',,"Julian Hall (Red Bull New York) wins a free kick, after being fouled by Richie Laryea (Toronto FC).",,,Toronto,New York
2d227e16,2025-03-14,61',,"Deandre Kerr (Toronto FC) wins a free kick, after being fouled by Robert Voloder (Red Bull New York).",,,Toronto,New York
2d227e16,2025-03-14,57',Attempt Saved,Attempt saved. Emil Forsberg's (Red Bull New York) with right footed shot from the central position outside the box with an xG of 7% is saved by Luka Gavran.,,,Toronto,New York
2d227e16,2025-03-14,57',,"Offside, Red Bull New York. Jahkeele Marshall-Rutty is caught offside.",,,Toronto,New York
2d227e16,2025-03-14,56',Attempt Missed,Jahkeele Marshall-Rutty (Red Bull New York) with right footed shot from the right side of the box with an xG of 9%.,,,Toronto,New York
2d227e16,2025-03-14,56',,"Offside, Red Bull New York. Mohammed Sofo is caught offside.",,,Toronto,New York
2d227e16,2025-03-14,55',,"Offside, Toronto FC. Derrick Etienne Jr. is caught offside.",,,Toronto,New York
2d227e16,2025-03-14,53',Attempt Missed,Attempt missed. Emil Forsberg's (Red Bull New York) with right footed shot from the center of the box with an xG of 16% misses to the right.,,,Toronto,New York
2d227e16,2025-03-14,51',,"Robert Voloder (Red Bull New York) wins a free kick, after being fouled by Deandre Kerr (Toronto FC).",,,Toronto,New York
2d227e16,2025-03-14,,Kick Off,"Second Half begins: Toronto FC 1, Red Bull New York 0.",,,Toronto,New York
2d227e16,2025-03-14,HT,,,Emilio,D. Kerr,Toronto,New York
2d227e16,2025-03-14,HT,,,Z. Monlouis,D. Etienne Jr.,Toronto,New York
2d227e16,2025-03-14,,Half Time,"First half ends, Toronto FC 1, Red Bull New York 0.",,,Toronto,New York
2d227e16,2025-03-14,45'+2,,"Ronald Donkor (Red Bull New York) wins a free kick, after being fouled by Jonathan Osorio (Toronto FC).",,,Toronto,New York
2d227e16,2025-03-14,43',Goal,"Goal! 1:0. Dániel Sallói (Toronto FC) scored with right footed shot from the center of the box to the central top zone. Assisted by Djordje Mihailovic, second assist by Luka Gavran.",,,Toronto,New York
2d227e16,2025-03-14,43',,"Walker Zimmerman (Toronto FC) wins a free kick, after being fouled by Jorge Ruvalcaba (Red Bull New York).",,,Toronto,New York
2d227e16,2025-03-14,42',,"Corner from the left, (Red Bull New York). Executed by Emil Forsberg.",,,Toronto,New York
2d227e16,2025-03-14,40',,"Zane Monlouis (Toronto FC) wins a free kick, after being fouled by Mohammed Sofo (Red Bull New York).",,,Toronto,New York
2d227e16,2025-03-14,39',Attempt Saved,Attempt blocked. Walker Zimmerman's (Toronto FC) with header from the center of the box with an xG of 10% is blocked by Justin Che.,,,Toronto,New York
2d227e16,2025-03-14,39',,"Corner from the left, (Toronto FC). Executed by Djordje Mihailovic.",,,Toronto,New York
2d227e16,2025-03-14,39',Attempt Saved,Attempt saved. Djordje Mihailovic's (Toronto FC) with right footed shot from the right side of the box with an xG of 12% is saved by Ethan Horvath.,,,Toronto,New York
2d227e16,2025-03-14,38',Yellow Card,José Cifuentes (Toronto FC) is shown the yellow card,,,Toronto,New York
2d227e16,2025-03-14,38',,"Emil Forsberg (Red Bull New York) wins a free kick, after being fouled by José Cifuentes (Toronto FC).",,,Toronto,New York
2d227e16,2025-03-14,36',,"Richie Laryea (Toronto FC) wins a free kick, after being fouled by Matthew Dos Santos (Red Bull New York).",,,Toronto,New York
2d227e16,2025-03-14,32',Yellow Card,Robert Voloder (Red Bull New York) is shown the yellow card,,,Toronto,New York
2d227e16,2025-03-14,32',,"Richie Laryea (Toronto FC) wins a free kick, after being fouled by Robert Voloder (Red Bull New York).",,,Toronto,New York
2d227e16,2025-03-14,31',,"Corner from the right, (Red Bull New York). Executed by Matthew Dos Santos.",,,Toronto,New York
2d227e16,2025-03-14,29',,"Adri Mehmeti (Red Bull New York) wins a free kick, after being fouled by Emilio Aristizábal (Toronto FC).",,,Toronto,New York
2d227e16,2025-03-14,28',,"Jonathan Osorio (Toronto FC) wins a free kick, after being fouled by Ronald Donkor (Red Bull New York).",,,Toronto,New York
2d227e16,2025-03-14,27',,"Walker Zimmerman (Toronto FC) wins a free kick, after being fouled by Julian Hall (Red Bull New York).",,,Toronto,New York
2d227e16,2025-03-14,27',,"Emilio Aristizábal (Toronto FC) wins a free kick, after being fouled by Mohammed Sofo (Red Bull New York).",,,Toronto,New York
2d227e16,2025-03-14,26',,"Mohammed Sofo (Red Bull New York) wins a free kick, after being fouled by Richie Laryea (Toronto FC).",,,Toronto,New York
2d227e16,2025-03-14,25',,Foul by Adri Mehmeti (Red Bull New York).,,,Toronto,New York
2d227e16,2025-03-14,25',Attempt Saved,Attempt saved. Julian Hall's (Red Bull New York) with right footed shot from the center of the box with an xG of 45% is saved by Luka Gavran.,,,Toronto,New York
2d227e16,2025-03-14,24',,"Corner from the right, (Toronto FC). Executed by Djordje Mihailovic.",,,Toronto,New York
2d227e16,2025-03-14,22',Yellow Card,Matthew Dos Santos (Red Bull New York) is shown the yellow card,,,Toronto,New York
2d227e16,2025-03-14,22',,Foul by Matthew Dos Santos (Red Bull New York).,,,Toronto,New York
2d227e16,2025-03-14,19',Attempt Saved,Attempt saved. Jorge Ruvalcaba's (Red Bull New York) with right footed shot from the right side of the box with an xG of 5% is saved by Luka Gavran.,,,Toronto,New York
2d227e16,2025-03-14,17',,"Dániel Sallói (Toronto FC) wins a free kick, after being fouled by Ronald Donkor (Red Bull New York).",,,Toronto,New York
2d227e16,2025-03-14,16',,"Corner from the right, (Red Bull New York). Executed by Matthew Dos Santos.",,,Toronto,New York
2d227e16,2025-03-14,14',Attempt Saved,Attempt blocked. Robert Voloder's (Red Bull New York) with left footed shot from the center of the box with an xG of 33% is blocked by Walker Zimmerman.,,,Toronto,New York
2d227e16,2025-03-14,14',Attempt Saved,Attempt blocked. Robert Voloder's (Red Bull New York) with header from the center of the box with an xG of 12% is blocked by Jonathan Osorio.,,,Toronto,New York
2d227e16,2025-03-14,13',Attempt Saved,Attempt blocked. Justin Che's (Red Bull New York) with header from the center of the box is blocked by Richie Laryea.,,,Toronto,New York
2d227e16,2025-03-14,13',,"Corner from the left, (Red Bull New York). Executed by Emil Forsberg.",,,Toronto,New York
2d227e16,2025-03-14,13',,"Corner from the left, (Red Bull New York). Executed by Emil Forsberg.",,,Toronto,New York
2d227e16,2025-03-14,13',Attempt Saved,Attempt blocked. Adri Mehmeti's (Red Bull New York) with right footed shot from the right half-space outside the box with an xG of 3% is blocked by Benjamín Kuscevic.,,,Toronto,New York
2d227e16,2025-03-14,12',Attempt Saved,Attempt saved. Jahkeele Marshall-Rutty's (Red Bull New York) with right footed shot from the right side of the box with an xG of 6% is saved by Luka Gavran.,,,Toronto,New York
2d227e16,2025-03-14,8',,"Djordje Mihailovic (Toronto FC) wins a free kick, after being fouled by Emil Forsberg (Red Bull New York).",,,Toronto,New York
2d227e16,2025-03-14,8',,"Corner from the right, (Red Bull New York). Executed by Matthew Dos Santos.",,,Toronto,New York
2d227e16,2025-03-14,6',,"Mohammed Sofo (Red Bull New York) wins a free kick, after being fouled by Richie Laryea (Toronto FC).",,,Toronto,New York
2d227e16,2025-03-14,,Kick Off,First half begins.,,,Toronto,New York
2d227e16,2025-03-14,,,Lineups are announced and players are warming up.,,,Toronto,New York
698208f2,2025-02-28,,Full Time,"Second half ends, FC Dallas 0, Nashville SC 0.",,,Dallas,Nashville
698208f2,2025-02-28,,End Of Second Half,End of match.,,,Dallas,Nashville
698208f2,2025-02-28,,,"Alex Muyl (Nashville SC) wins a free kick, after being fouled by Petar Musa (FC Dallas).",,,Dallas,Nashville
698208f2,2025-02-28,90'+6,,"Sebastien Ibeagha (FC Dallas) wins a free kick, after being fouled by Jordan Knight (Nashville SC).",,,Dallas,Nashville
698208f2,2025-02-28,90'+5,Yellow Card,Samuel Sarver (FC Dallas) is shown the yellow card,,,Dallas,Nashville
698208f2,2025-02-28,90'+5,,"Ahmed Qasem (Nashville SC) wins a free kick, after being fouled by Samuel Sarver (FC Dallas).",,,Dallas,Nashville
698208f2,2025-02-28,90'+4,,"Osaze Urhoghide (FC Dallas) wins a free kick, after being fouled by Woobens Pacius (Nashville SC).",,,Dallas,Nashville
698208f2,2025-02-28,90'+2,,"Samuel Sarver (FC Dallas) wins a free kick, after being fouled by Woobens Pacius (Nashville SC).",,,Dallas,Nashville
698208f2,2025-02-28,90'+1,,"Corner from the right, (FC Dallas). Executed by Joaquín Valiente.",,,Dallas,Nashville
698208f2,2025-02-28,90'+1,Attempt Saved,Attempt saved. Anderson Julio's (FC Dallas) with right footed shot from the central position outside the box with an xG of 4% is saved by Brian Schwake.,,,Dallas,Nashville
698208f2,2025-02-28,89',,"Alex Muyl (Nashville SC) wins a free kick, after being fouled by Osaze Urhoghide (FC Dallas).",,,Dallas,Nashville
698208f2,2025-02-28,88',,"Petar Musa (FC Dallas) wins a free kick, after being fouled by Alex Muyl (Nashville SC).",,,Dallas,Nashville
698208f2,2025-02-28,88',,,C. Espinoza,J. Knight,Dallas,Nashville
698208f2,2025-02-28,87',,,A. Nájar,J. Bauer,Dallas,Nashville
698208f2,2025-02-28,87',,,H. Mukhtar,A. Qasem,Dallas,Nashville
698208f2,2025-02-28,85',,,C. Cappis,Ramiro,Dallas,Nashville
698208f2,2025-02-28,84',Second Yellow,Matthew Corcoran (Nashville SC) is shown the second yellow (red) card,,,Dallas,Nashville
698208f2,2025-02-28,84',,"Kaick Ferreira (FC Dallas) wins a free kick, after being fouled by Matthew Corcoran (Nashville SC).",,,Dallas,Nashville
698208f2,2025-02-28,83',,"Hany Mukhtar (Nashville SC) wins a free kick, after being fouled by Anderson Julio (FC Dallas).",,,Dallas,Nashville
698208f2,2025-02-28,82',Attempt Saved,Attempt blocked. Samuel Sarver's (FC Dallas) with left footed shot from the center of the box with an xG of 10% is blocked by Daniel Lovitz.,,,Dallas,Nashville
698208f2,2025-02-28,81',Attempt Missed,Attempt missed. Woobens Pacius's (Nashville SC) with left footed shot from the right side of the box with an xG of 11% misses to the right.,,,Dallas,Nashville
698208f2,2025-02-28,78',Attempt Missed,Attempt missed. Cristian Espinoza's (Nashville SC) with right footed shot from the right side of the box with an xG of 21% misses to the right.,,,Dallas,Nashville
698208f2,2025-02-28,77',,"Alex Muyl (Nashville SC) wins a free kick, after being fouled by Samuel Sarver (FC Dallas).",,,Dallas,Nashville
698208f2,2025-02-28,77',,"Shaq Moore (FC Dallas) wins a free kick, after being fouled by Woobens Pacius (Nashville SC).",,,Dallas,Nashville
698208f2,2025-02-28,76',,,W. Madrigal,W. Pacius,Dallas,Nashville
698208f2,2025-02-28,76',Yellow Card,Osaze Urhoghide (FC Dallas) is shown the yellow card,,,Dallas,Nashville
698208f2,2025-02-28,75',Attempt Missed,Attempt missed. Cristian Espinoza's (Nashville SC) with right footed shot from the center of the box with an xG of 9% misses to the left.,,,Dallas,Nashville
698208f2,2025-02-28,74',Yellow Card,Matthew Corcoran (Nashville SC) is shown the yellow card,,,Dallas,Nashville
698208f2,2025-02-28,74',,"Chris Cappis (FC Dallas) wins a free kick, after being fouled by Matthew Corcoran (Nashville SC).",,,Dallas,Nashville
698208f2,2025-02-28,72',,,E. Tagseth,A. Muyl,Dallas,Nashville
698208f2,2025-02-28,71',,,H. Johansson,S. Sarver,Dallas,Nashville
698208f2,2025-02-28,71',,,L. Farrington,A. Julio,Dallas,Nashville
698208f2,2025-02-28,69',,"Corner from the left, (FC Dallas). Executed by Joaquín Valiente.",,,Dallas,Nashville
698208f2,2025-02-28,69',Attempt Saved,Attempt blocked. Osaze Urhoghide's (FC Dallas) with header from the center of the box is blocked by Jeisson Palacios.,,,Dallas,Nashville
698208f2,2025-02-28,69',,"Corner from the right, (FC Dallas). Executed by Joaquín Valiente.",,,Dallas,Nashville
698208f2,2025-02-28,62',,,P. Delgado,J. Valiente,Dallas,Nashville
698208f2,2025-02-28,62',,,B. Kamungo,L. Deedson,Dallas,Nashville
698208f2,2025-02-28,61',Attempt Saved,Attempt blocked. Warren Madrigal's (Nashville SC) with right footed shot from the left side of the box with an xG of 2% is blocked by Shaq Moore.,,,Dallas,Nashville
698208f2,2025-02-28,59',Attempt Missed,Attempt missed. Petar Musa's (FC Dallas) with left footed shot from the center of the box with an xG of 25% misses to the left.,,,Dallas,Nashville
698208f2,2025-02-28,57',Attempt Missed,Attempt missed. Logan Farrington's (FC Dallas) with left footed shot from the left half-space outside the box with an xG of 2% goes over to the right.,,,Dallas,Nashville
698208f2,2025-02-28,56',,"Chris Cappis (FC Dallas) wins a free kick, after being fouled by Maxwell Woledzi (Nashville SC).",,,Dallas,Nashville
698208f2,2025-02-28,55',,"Shaq Moore (FC Dallas) wins a free kick, after being fouled by Warren Madrigal (Nashville SC).",,,Dallas,Nashville
698208f2,2025-02-28,55',,"Corner from the right, (Nashville SC). Executed by Cristian Espinoza.",,,Dallas,Nashville
698208f2,2025-02-28,54',,"Andy Nájar (Nashville SC) wins a free kick, after being fouled by Patrickson Delgado (FC Dallas).",,,Dallas,Nashville
698208f2,2025-02-28,51',Yellow Card,Kaick Ferreira (FC Dallas) is shown the yellow card,,,Dallas,Nashville
698208f2,2025-02-28,51',,"Patrick Yazbek (Nashville SC) wins a free kick, after being fouled by Kaick Ferreira (FC Dallas).",,,Dallas,Nashville
698208f2,2025-02-28,48',Attempt Missed,Attempt missed. Logan Farrington's (FC Dallas) with header from the center of the box with an xG of 7% misses to the left.,,,Dallas,Nashville
698208f2,2025-02-28,46',,"Bernard Kamungo (FC Dallas) wins a free kick, after being fouled by Patrick Yazbek (Nashville SC).",,,Dallas,Nashville
698208f2,2025-02-28,,Kick Off,"Second Half begins: FC Dallas 0, Nashville SC 0.",,,Dallas,Nashville
698208f2,2025-02-28,,Half Time,"First half ends, FC Dallas 0, Nashville SC 0.",,,Dallas,Nashville
698208f2,2025-02-28,45'+2,Attempt Saved,Attempt blocked. Chris Cappis's (FC Dallas) with right footed shot from the center of the box with an xG of 3% is blocked by Maxwell Woledzi.,,,Dallas,Nashville
698208f2,2025-02-28,44',Attempt Saved,Attempt saved. Petar Musa's (FC Dallas) with right footed shot from the central position outside the box with an xG of 5% is saved by Brian Schwake.,,,Dallas,Nashville
698208f2,2025-02-28,42',,"Osaze Urhoghide (FC Dallas) wins a free kick, after being fouled by Edvard Tagseth (Nashville SC).",,,Dallas,Nashville
698208f2,2025-02-28,39',,"Osaze Urhoghide (FC Dallas) wins a free kick, after being fouled by Patrick Yazbek (Nashville SC).",,,Dallas,Nashville
698208f2,2025-02-28,38',,"Warren Madrigal (Nashville SC) wins a free kick, after being fouled by Shaq Moore (FC Dallas).",,,Dallas,Nashville
698208f2,2025-02-28,37',Attempt Missed,Attempt missed. Bernard Kamungo's (FC Dallas) with left footed shot from the center of the box with an xG of 4% misses to the left.,,,Dallas,Nashville
698208f2,2025-02-28,37',Attempt Saved,Attempt blocked. Logan Farrington's (FC Dallas) with left footed shot from the center of the box with an xG of 5% is blocked by Maxwell Woledzi.,,,Dallas,Nashville
698208f2,2025-02-28,37',,"Kaick Ferreira (FC Dallas) wins a free kick, after being fouled by Patrick Yazbek (Nashville SC).",,,Dallas,Nashville
698208f2,2025-02-28,35',,"Osaze Urhoghide (FC Dallas) wins a free kick, after being fouled by Cristian Espinoza (Nashville SC).",,,Dallas,Nashville
698208f2,2025-02-28,31',,"Corner from the left, (FC Dallas). Executed by Patrickson Delgado.",,,Dallas,Nashville
698208f2,2025-02-28,,,"Kaick Ferreira (FC Dallas) wins a free kick, after being fouled by Matthew Corcoran (Nashville SC).",,,Dallas,Nashville
698208f2,2025-02-28,24',,"Offside, Nashville SC. Jeisson Palacios is caught offside.",,,Dallas,Nashville
698208f2,2025-02-28,18',,"Daniel Lovitz (Nashville SC) wins a free kick, after being fouled by Logan Farrington (FC Dallas).",,,Dallas,Nashville
698208f2,2025-02-28,17',Attempt Saved,Attempt saved. Warren Madrigal's (Nashville SC) with right footed shot from the left half-space outside the box with an xG of 3% is saved by Michael Collodi.,,,Dallas,Nashville
698208f2,2025-02-28,12',Attempt Missed,Jeisson Palacios (Nashville SC) with header from the center of the box with an xG of 12%.,,,Dallas,Nashville
698208f2,2025-02-28,12',,"Corner from the right, (Nashville SC). Executed by Cristian Espinoza.",,,Dallas,Nashville
698208f2,2025-02-28,12',,"Corner from the right, (Nashville SC). Executed by Cristian Espinoza.",,,Dallas,Nashville
698208f2,2025-02-28,7',,"Andy Nájar (Nashville SC) wins a free kick, after being fouled by Patrickson Delgado (FC Dallas).",,,Dallas,Nashville
698208f2,2025-02-28,2',,"Offside, Nashville SC. Cristian Espinoza is caught offside.",,,Dallas,Nashville
698208f2,2025-02-28,1',Attempt Missed,Attempt missed. Petar Musa's (FC Dallas) with right footed shot from the center of the box with an xG of 25% goes over.,,,Dallas,Nashville
698208f2,2025-02-28,,Kick Off,First half begins.,,,Dallas,Nashville
698208f2,2025-02-28,,,Lineups are announced and players are warming up.,,,Dallas,Nashville
97641fa7,2025-03-14,,End Of Second Half,End of match.,,,Orlando,Montréal
97641fa7,2025-03-14,90'+6,Yellow Card,Iván Jaime (CF Montréal) is shown the yellow card,,,Orlando,Montréal
97641fa7,2025-03-14,,Full Time,"Second half ends, Orlando City 2, CF Montréal 1.",,,Orlando,Montréal
97641fa7,2025-03-14,90'+6,,"Corner from the right, (Orlando City). Executed by Iván Angulo.",,,Orlando,Montréal
97641fa7,2025-03-14,90'+4,Attempt Missed,Prince Owusu (CF Montréal) with left footed shot from the center of the box with an xG of 15%.,,,Orlando,Montréal
97641fa7,2025-03-14,90'+3,Attempt Saved,Attempt blocked. Iván Jaime's (CF Montréal) with right footed shot from the center of the box with an xG of 31% is blocked by Zakaria Taifi.,,,Orlando,Montréal
97641fa7,2025-03-14,90'+2,,"Colin Guske (Orlando City) wins a free kick, after being fouled by Prince Owusu (CF Montréal).",,,Orlando,Montréal
97641fa7,2025-03-14,90'+2,,"Bode Hidalgo (CF Montréal) wins a free kick, after being fouled by Adrián Marín (Orlando City).",,,Orlando,Montréal
97641fa7,2025-03-14,90'+1,,"Pedro Leão (Orlando City) wins a free kick, after being fouled by Tomás Avilés (CF Montréal).",,,Orlando,Montréal
97641fa7,2025-03-14,90',,"Braian Ojeda (Orlando City) wins a free kick, after being fouled by Olger Escobar (CF Montréal).",,,Orlando,Montréal
97641fa7,2025-03-14,90',Attempt Missed,Colin Guske (Orlando City) with right footed shot from the left half-space outside the box with an xG of 2%.,,,Orlando,Montréal
97641fa7,2025-03-14,88',Attempt Saved,Attempt blocked. Iván Jaime's (CF Montréal) with right footed shot from the left half-space outside the box with an xG of 2% is blocked by Braian Ojeda.,,,Orlando,Montréal
97641fa7,2025-03-14,87',Attempt Saved,Attempt saved. Olger Escobar's (CF Montréal) with right footed shot from the central position outside the box with an xG of 3% is saved by Javier Otero.,,,Orlando,Montréal
97641fa7,2025-03-14,86',,"Bode Hidalgo (CF Montréal) wins a free kick, after being fouled by Iván Angulo (Orlando City).",,,Orlando,Montréal
97641fa7,2025-03-14,84',,"Pedro Leão (Orlando City) wins a free kick, after being fouled by Tomás Avilés (CF Montréal).",,,Orlando,Montréal
97641fa7,2025-03-14,84',,,G. Dorsey,T. Reid-Brown,Orlando,Montréal
97641fa7,2025-03-14,84',,,M. Ojeda,P. Leão,Orlando,Montréal
97641fa7,2025-03-14,83',,,E. Morales,O. Escobar,Orlando,Montréal
97641fa7,2025-03-14,83',,"Javier Otero (Orlando City) wins a free kick, after being fouled by Samuel Piette (CF Montréal).",,,Orlando,Montréal
97641fa7,2025-03-14,83',Attempt Saved,Attempt saved. Efraín Morales's (CF Montréal) with header from the center of the box with an xG of 4% is saved by Javier Otero.,,,Orlando,Montréal
97641fa7,2025-03-14,83',,"Corner from the left, (CF Montréal). Executed by Iván Jaime.",,,Orlando,Montréal
97641fa7,2025-03-14,82',Attempt Saved,Attempt blocked. Iván Jaime's (CF Montréal) with right footed shot from the left half-space outside the box with an xG of 2% is blocked by Braian Ojeda.,,,Orlando,Montréal
97641fa7,2025-03-14,82',,"Wikelman Carmona (CF Montréal) wins a free kick, after being fouled by Colin Guske (Orlando City).",,,Orlando,Montréal
97641fa7,2025-03-14,81',Attempt Missed,Iván Jaime (CF Montréal) with left footed shot from the left side of the box with an xG of 7%.,,,Orlando,Montréal
97641fa7,2025-03-14,79',,"Corner from the left, (CF Montréal). Executed by Iván Jaime.",,,Orlando,Montréal
97641fa7,2025-03-14,79',Attempt Saved,Attempt blocked. Iván Jaime's (CF Montréal) with left footed shot from the left side of the box with an xG of 3% is blocked by Griffin Dorsey.,,,Orlando,Montréal
97641fa7,2025-03-14,76',,,H. Synchuk,N. Streit,Orlando,Montréal
97641fa7,2025-03-14,76',Attempt Missed,Attempt missed. Braian Ojeda's (Orlando City) with right footed shot from the center of the box with an xG of 8% misses to the left.,,,Orlando,Montréal
97641fa7,2025-03-14,76',,"Corner from the left, (Orlando City). Executed by Martín Ojeda.",,,Orlando,Montréal
97641fa7,2025-03-14,75',Attempt Saved,Attempt saved. Tyrese Spicer's (Orlando City) with left footed shot from the center of the box with an xG of 43% is saved by Thomas Gillier.,,,Orlando,Montréal
97641fa7,2025-03-14,72',,"Iván Angulo (Orlando City) wins a free kick, after being fouled by Prince Owusu (CF Montréal).",,,Orlando,Montréal
97641fa7,2025-03-14,72',,"Hennadii Synchuk (CF Montréal) wins a free kick, after being fouled by Zakaria Taifi (Orlando City).",,,Orlando,Montréal
97641fa7,2025-03-14,71',,,M. Pašalić,T. Spicer,Orlando,Montréal
97641fa7,2025-03-14,69',,"Zakaria Taifi (Orlando City) wins a free kick, after being fouled by Hennadii Synchuk (CF Montréal).",,,Orlando,Montréal
97641fa7,2025-03-14,68',Attempt Saved,Attempt saved. Iván Jaime's (CF Montréal) with right footed shot from the left half-space outside the box with an xG of 3% is saved by Javier Otero.,,,Orlando,Montréal
97641fa7,2025-03-14,65',Attempt Saved,Attempt blocked. Iván Jaime's (CF Montréal) with right footed shot from the left side of the box with an xG of 8% is blocked by David Brekalo.,,,Orlando,Montréal
97641fa7,2025-03-14,65',Attempt Saved,Attempt blocked. Marco Pašalić's (Orlando City) with left footed shot from the central position outside the box with an xG of 3% is blocked by Victor Loturi.,,,Orlando,Montréal
97641fa7,2025-03-14,64',,"Corner from the left, (CF Montréal). Executed by Iván Jaime.",,,Orlando,Montréal
97641fa7,2025-03-14,64',Attempt Saved,Attempt blocked. Efraín Morales's (CF Montréal) with header from the center of the box with an xG of 2% is blocked by David Brekalo.,,,Orlando,Montréal
97641fa7,2025-03-14,64',,"Corner from the right, (CF Montréal). Executed by Wikelman Carmona.",,,Orlando,Montréal
97641fa7,2025-03-14,62',Attempt Saved,Attempt saved. Zakaria Taifi's (Orlando City) with right footed shot from the right side of the box with an xG of 8% is saved by Thomas Gillier.,,,Orlando,Montréal
97641fa7,2025-03-14,61',,,E. Atuesta,C. Guske,Orlando,Montréal
97641fa7,2025-03-14,61',,,D. McGuire,Z. Taifi,Orlando,Montréal
97641fa7,2025-03-14,60',Attempt Saved,Attempt saved. Martín Ojeda's (Orlando City) with left footed shot from the left side of the box with an xG of 13% is saved by Thomas Gillier.,,,Orlando,Montréal
97641fa7,2025-03-14,58',,"Offside, CF Montréal. Hennadii Synchuk is caught offside.",,,Orlando,Montréal
97641fa7,2025-03-14,57',,,M. Longstaff,S. Piette,Orlando,Montréal
97641fa7,2025-03-14,57',,,D. Thórhallsson,I. Jaime,Orlando,Montréal
97641fa7,2025-03-14,57',Attempt Missed,Attempt missed. Luca Petrasso's (CF Montréal) with left footed shot from the left side of the box with an xG of 2% misses to the left.,,,Orlando,Montréal
97641fa7,2025-03-14,54',Attempt Missed,Attempt missed. Bode Hidalgo's (CF Montréal) with right footed shot from the central position outside the box with an xG of 2% goes over.,,,Orlando,Montréal
97641fa7,2025-03-14,54',,"Corner from the right, (CF Montréal). Executed by Wikelman Carmona.",,,Orlando,Montréal
97641fa7,2025-03-14,53',Attempt Saved,Attempt blocked. Hennadii Synchuk's (CF Montréal) with right footed shot from the right side of the box with an xG of 2% is blocked by Adrián Marín.,,,Orlando,Montréal
97641fa7,2025-03-14,50',,"Prince Owusu (CF Montréal) wins a free kick, after being fouled by Griffin Dorsey (Orlando City).",,,Orlando,Montréal
97641fa7,2025-03-14,48',,"Offside, CF Montréal. Prince Owusu is caught offside.",,,Orlando,Montréal
97641fa7,2025-03-14,48',Attempt Missed,Luca Petrasso (CF Montréal) with left footed shot from the left side of the box with an xG of 24%.,,,Orlando,Montréal
97641fa7,2025-03-14,46',Attempt Missed,Attempt missed. Hennadii Synchuk's (CF Montréal) with left footed shot from the right half-space outside the box with an xG of 3% goes over to the left.,,,Orlando,Montréal
97641fa7,2025-03-14,,Kick Off,"Second Half begins: Orlando City 2, CF Montréal 1.",,,Orlando,Montréal
97641fa7,2025-03-14,HT,,,B. Vera,B. Hidalgo,Orlando,Montréal
97641fa7,2025-03-14,,Half Time,"First half ends, Orlando City 2, CF Montréal 1.",,,Orlando,Montréal
97641fa7,2025-03-14,45'+3,,"Braian Ojeda (Orlando City) wins a free kick, after being fouled by Brayan Vera (CF Montréal).",,,Orlando,Montréal
97641fa7,2025-03-14,45'+3,,"Corner from the right, (Orlando City). Executed by Martín Ojeda.",,,Orlando,Montréal
97641fa7,2025-03-14,45'+2,Attempt Saved,Attempt saved. Duncan McGuire's (Orlando City) with right footed shot from the right side of the box with an xG of 26% is saved by Thomas Gillier.,,,Orlando,Montréal
97641fa7,2025-03-14,45',,"Griffin Dorsey (Orlando City) wins a free kick, after being fouled by Luca Petrasso (CF Montréal).",,,Orlando,Montréal
97641fa7,2025-03-14,43',Attempt Missed,Hennadii Synchuk (CF Montréal) with right footed shot from the right side of the box with an xG of 2%.,,,Orlando,Montréal
97641fa7,2025-03-14,39',,"Braian Ojeda (Orlando City) wins a free kick, after being fouled by Prince Owusu (CF Montréal).",,,Orlando,Montréal
97641fa7,2025-03-14,38',Attempt Missed,Attempt missed. David Brekalo's (Orlando City) with header from the center of the box with an xG of 10% goes over.,,,Orlando,Montréal
97641fa7,2025-03-14,37',,"Martín Ojeda (Orlando City) wins a free kick, after being fouled by Efraín Morales (CF Montréal).",,,Orlando,Montréal
97641fa7,2025-03-14,37',Attempt Missed,Duncan McGuire (Orlando City) with right footed shot from the central position outside the box with an xG of 3%.,,,Orlando,Montréal
97641fa7,2025-03-14,35',,"Corner from the right, (CF Montréal). Executed by Wikelman Carmona.",,,Orlando,Montréal
97641fa7,2025-03-14,33',Yellow Card,Eduard Atuesta (Orlando City) is shown the yellow card,,,Orlando,Montréal
97641fa7,2025-03-14,33',,"Victor Loturi (CF Montréal) wins a free kick, after being fouled by Eduard Atuesta (Orlando City).",,,Orlando,Montréal
97641fa7,2025-03-14,31',Goal,"Goal! 2:1. Martín Ojeda (Orlando City) scored with left footed shot from the center of the box with an xG of 22% to the bottom right corner. Assisted by Iván Angulo, second assist by Marco Pašalić.",,,Orlando,Montréal
97641fa7,2025-03-14,30',,"Javier Otero (Orlando City) wins a free kick, after being fouled by Brayan Vera (CF Montréal).",,,Orlando,Montréal
97641fa7,2025-03-14,30',,"Corner from the right, (CF Montréal). Executed by Wikelman Carmona.",,,Orlando,Montréal
97641fa7,2025-03-14,30',Attempt Saved,Attempt blocked. Wikelman Carmona's (CF Montréal) with left footed shot from the left side of the box with an xG of 11% is blocked by Duncan McGuire.,,,Orlando,Montréal
97641fa7,2025-03-14,29',,"Hennadii Synchuk (CF Montréal) wins a free kick, after being fouled by Adrián Marín (Orlando City).",,,Orlando,Montréal
97641fa7,2025-03-14,27',,"Hennadii Synchuk (CF Montréal) wins a free kick, after being fouled by Adrián Marín (Orlando City).",,,Orlando,Montréal
97641fa7,2025-03-14,24',Goal,Goal! 1:1. Prince Owusu (CF Montréal) scored with header from the center of the box with an xG of 11% to the top left corner. Assisted by Wikelman Carmona.,,,Orlando,Montréal
97641fa7,2025-03-14,24',,"Corner from the right, (CF Montréal). Executed by Wikelman Carmona.",,,Orlando,Montréal
97641fa7,2025-03-14,22',Attempt Saved,Attempt blocked. Hennadii Synchuk's (CF Montréal) with right footed shot from the right side of the box with an xG of 6% is blocked by Adrián Marín.,,,Orlando,Montréal
97641fa7,2025-03-14,19',Goal,Goal! 1:0. Duncan McGuire (Orlando City) scored with left footed shot from the center of the box with an xG of 78% to the central bottom zone.,,,Orlando,Montréal
97641fa7,2025-03-14,18',Post,Iván Angulo (Orlando City) hits the left post from the center of the box with an xG of 38%.,,,Orlando,Montréal
97641fa7,2025-03-14,18',Attempt Saved,Attempt blocked. Marco Pašalić's (Orlando City) with left footed shot from the central position outside the box with an xG of 7% is blocked by Efraín Morales.,,,Orlando,Montréal
97641fa7,2025-03-14,17',,"Corner from the left, (CF Montréal). Executed by Dagur Thórhallsson.",,,Orlando,Montréal
97641fa7,2025-03-14,16',,"Corner from the right, (CF Montréal). Executed by Wikelman Carmona.",,,Orlando,Montréal
97641fa7,2025-03-14,12',,"Dagur Thórhallsson (CF Montréal) wins a free kick, after being fouled by Braian Ojeda (Orlando City).",,,Orlando,Montréal
97641fa7,2025-03-14,11',,"Braian Ojeda (Orlando City) wins a free kick, after being fouled by Victor Loturi (CF Montréal).",,,Orlando,Montréal
97641fa7,2025-03-14,10',,"Hennadii Synchuk (CF Montréal) wins a free kick, after being fouled by Iván Angulo (Orlando City).",,,Orlando,Montréal
97641fa7,2025-03-14,7',Attempt Missed,Attempt missed. Marco Pašalić's (Orlando City) with left footed shot from the central position outside the box with an xG of 11% misses to the right.,,,Orlando,Montréal
97641fa7,2025-03-14,7',,"Marco Pašalić (Orlando City) wins a free kick, after being fouled by Brayan Vera (CF Montréal).",,,Orlando,Montréal
97641fa7,2025-03-14,6',,"Wikelman Carmona (CF Montréal) wins a free kick, after being fouled by David Brekalo (Orlando City).",,,Orlando,Montréal
97641fa7,2025-03-14,5',,"Corner from the right, (Orlando City). Executed by Martín Ojeda.",,,Orlando,Montréal
97641fa7,2025-03-14,5',Attempt Saved,Attempt blocked. Marco Pašalić's (Orlando City) with left footed shot from the central position outside the box with an xG of 3% is blocked by Efraín Morales.,,,Orlando,Montréal
97641fa7,2025-03-14,3',,"Duncan McGuire (Orlando City) wins a free kick, after being fouled by Efraín Morales (CF Montréal).",,,Orlando,Montréal
97641fa7,2025-03-14,2',,"Prince Owusu (CF Montréal) wins a free kick, after being fouled by Iago Teodoro da Silva Nogueira (Orlando City).",,,Orlando,Montréal
97641fa7,2025-03-14,1',Attempt Saved,Attempt saved. Wikelman Carmona's (CF Montréal) with right footed shot from the central position outside the box with an xG of 2% is saved by Javier Otero.,,,Orlando,Montréal
97641fa7,2025-03-14,,Kick Off,First half begins.,,,Orlando,Montréal
97641fa7,2025-03-14,,,Lineups are announced and players are warming up.,,,Orlando,Montréal
